ANIO,MES,CONGLOMERADO,MUESTRA,SELVIV,HOGAR,ESTRATO,LLAVE_PANEL,CCDD,AREA,C201,C203,C204,C205,C206,C207,C208,C300n,NROINF,C301_DIA,C301_MES,C301_ANIO,C303,C304,C305,C306_1,C306_2,C306_3,C306_4,C306_5,C306_6,C306_7,C306_8,C306_9,C306_10,C306_10A,C306_11,C306A,C308_COD,C309_COD,C310,C311,C312,C313,C317,C317A,C318_1,C318_2,C318_3,C318_4,C318_5,C318_6,C318_7,C318_T,C328_T,whoraT,C330,C331,C333,C334,P209H,C335,C338,C339_1,C341_T,C342,C344,C345_1,C347_T,C348,C350,C352,C353,C354,C355,C356,C357_I,C358,C359,SEGURO1,C361_1,C362_1,C361_2,C362_2,C361_3,C362_3,C361_4,C362_4,C361_5,C362_5,C361_6,C362_6,C361_7,C362_7,C361_8,C362_8,C364_1,C365_1,C364_2,C365_2,C364_3,C365_3,C364_4,C365_4,C366,C366_1,C366_2,C375_1,C375_2,C375_3,C375_4,C375_5,C375_6,C376,C377,OCUP300,D341_T,D344,D347_T,D350,D351_T,I339_1,I342,I345_1,I348,INGTOT,INGTOTP,ingtrabw,RESIDENT,Informal_P,DIVISION_LIMA,FAC300_ANUAL
2024,01,0000301,1,0071,1,5,20230100003011007111,24,1,1,1,1,2, ,1,70,1,1,4,11,1953,2,2,2,2,2,2,2,2,2,2,2,2,2,2,2,2, , , , , , , , , , , , , , , , , , , , , , , , , , , , , , , , , ,2,3,2,2,7, , ,1,5,2, ,2, ,2, ,2, ,1,5,2, ,2, ,2, ,2, ,2, ,2, ,2, ,3,4, ,2,2,2,2,2,2,10,7,4, , , , , , , , , , , , ,1, , ,89.9135511135535
2024,01,0000301,1,0071,1,5,20230100003011007112,24,1,2,3,1,2, ,1,30,2,2,21,1,1993,1, , , , , , , , , , , , , , , ,8321,4922,2, ,3,2,1,1,0,8,8,8,8,8,0,40, ,40,1, ,2, ,2,2, , , , , , , , , , , , , , , , ,1,5,2, ,2, ,2, ,2, ,1,5,2, ,2, ,2, ,2, ,2, ,2, ,2, ,4, ,6,2,2,2,2,2,2,10,7,1, , , , , , ,636, , ,636,636,636,1,1, ,200.68664304173
2024,01,0000301,1,0072,1,5,20230100003011007211,24,1,1,1,1,2, ,2,35,1,1,17,8,1988,2,2,2,2,2,2,2,2,2,2,2,2,2,2,2,2, , , , , , , , , , , , , , , , , , , , , , , , , , , , , , , , , ,2,5,2,2,1, , ,1,5,2, ,2, ,2, ,2, ,1,5,2, ,2, ,2, ,2, ,2, ,2, ,2, ,9,3, ,2,2,2,2,2,2,10,5,4, , , , , , , , , , , , ,1, , ,37.551902494958
2024,01,0000301,1,0072,1,5,20230100003011007212,24,1,2,2,1,2, ,1,43,2,2,1,3,1980,1, , , , , , , , , , , , , , , ,8322,4922,2, ,3,2,1,1,0,12,12,12,12,12,12,72, ,72,1, ,2, ,2,2, , , , , , , , , , , , , , , , ,1,5,2, ,2, ,2, ,2, ,1,5,2, ,2, ,2, ,2, ,2, ,2, ,2, ,6,5, ,2,2,2,2,2,2,10,5,1, , , , , , ,2650, , ,2650,2650,2650,1,1, ,59.8491470077063
2024,01,0000301,1,0072,1,5,20230100003011007213,24,1,3,3,1,2, ,1,10, , , , , , , , , , , , , , , , , , , , , , , , , , , , , , , , , , , , , , , , , , , , , , , , , , , , , , , , , , , , , , , , , , , , , , , , , , , , , , , , , , , , , , , , , , , , , , , , , , , , , , , , , , , , , , , ,1, , , 
2024,01,0000301,1,0072,1,5,20230100003011007214,24,1,4,3,1,2, ,1,5, , , , , , , , , , , , , , , , , , , , , , , , , , , , , , , , , , , , , , , , , , , , , , , , , , , , , , , , , , , , , , , , , , , , , , , , , , , , , , , , , , , , , , , , , , , , , , , , , , , , , , , , , , , , , , , ,1, , , 
2024,01,0000301,1,0073,1,5,20230100003011007311,24,1,1,1,1,2, ,1,52,1,1,28,2,1971,1, , , , , , , , , , , , , , , ,6222,311,1, ,3,2,1,2,0,0,0,0,0,0,6,6, ,24,2,24,1,1,1,2, , , , , , , , , , , , , , , , ,1,5,2, ,2, ,2, ,2, ,1,5,2, ,2, ,2, ,2, ,2, ,2, ,2, ,5,1, ,2,2,2,2,2,2,10,5,1, ,260, , , , ,823, , ,1083,1083,1083,1,1, ,85.778712577978
2024,01,0000301,1,0073,1,5,20230100003011007312,24,1,2,2,1,2, ,2,50,2,2,29,5,1973,2,2,2,2,2,2,2,2,2,2,2,2,2,2,2,2, , , , , , , , , , , , , , , , , , , , , , , , , , , , , , , , , ,2,5,2,2,6, , ,1,5,2, ,2, ,2, ,2, ,1,5,2, ,2, ,2, ,2, ,2, ,2, ,2, ,5,3, ,2,2,2,2,2,2,10,5,4, , , , , , , , , , , , ,1, , ,72.664300162476
2024,01,0000301,1,0073,1,5,20230100003011007313,24,1,3,3,1,2, ,1,29,3,3,27,1,1994,2,2,2,2,2,2,2,2,2,2,2,2,2,2,2,2, , , , , , , , , , , , , , , , , , , , , , , , , , , , , , , , , ,2,3,1,1,13,5,1,1,5,2, ,2, ,2, ,2, ,1,5,2, ,2, ,2, ,2, ,1,5,2, ,2, ,9,3, ,2,2,2,2,2,2,10,7,2, , , , , , , , , , , , ,1, , ,51.465187761964
2024,01,0000301,1,0073,1,5,20230100003011007314,24,1,4,3,1,2, ,1,20,4,4,15,1,2004,1, , , , , , , , , , , , , , , ,9313,4100,3,5,3,2,1,4,0,8,8,8,8,8,4,44, ,44,1, ,2, ,2,2,2,420, , , , , , , , , , , , , , ,1,5,2, ,2, ,2, ,2, ,1,5,2, ,2, ,2, ,2, ,2, ,2, ,2, ,5,3, ,2,2,2,2,2,2,10,5,1, , , , , ,1819, , , ,1819,1819,1819,1,1, ,39.1228368185005
2024,01,0000301,1,0073,1,5,20230100003011007315,24,1,5,4,1,2, ,2,18,5,5,14,9,2005,2,2,2,2,2,2,1,2,2,2,2,2,2,2,2, ,9533,4799,2, ,3,2,1,1,0,0,0,0,2,2,2,6, ,6,1, ,2, ,2,2, , , , , , , , , , , , , , , , ,2,5,2, ,2, ,2, ,2, ,1,5,2, ,2, ,2, ,2, ,2, ,2, ,2, ,6,5, ,2,2,2,2,2,2,10,8,1, , , , , , ,270, , ,270,270,270,1,1, ,39.7409899258678
2024,01,0000301,1,0074,1,5,20240100003011007411,24,1,1,1,1,2, ,1,61,1,1,13,5,1962,2,2,2,2,2,2,2,2,2,2,2,2,2,2,2,2, , , , , , , , , , , , , , , , , , , , , , , , , , , , , , , , , ,2,6,2,2,3, , ,1,4,2, ,2, ,2, ,1,3,2, ,2, ,2, ,2, ,2, ,2, ,2, ,1,3,9,3, ,2,2,2,2,2,2,10,7,4, , , , , , , , , , , , ,1, , ,67.503282530165
2024,01,0000301,1,0074,1,5,20240100003011007412,24,1,2,2,1,2, ,2,60,2,2,30,4,1963,2,2,2,2,2,2,2,2,2,2,2,2,2,2,2,2, , , , , , , , , , , , , , , , , , , , , , , , , , , , , , , , , ,2,5,2,2,3, , ,2,4,2, ,2, ,2, ,1,4,2, ,2, ,2, ,2, ,2, ,2, ,2, ,2, ,5,3, ,2,2,2,2,2,2,10,7,4, , , , , , , , , , , , ,1, , ,72.664300162476
2024,01,0000301,1,0074,1,5,20240100003011007413,24,1,3,3,1,2, ,1,32,3,3,7,10,1991,1, , , , , , , , , , , , , , , ,4223,6190,3,5,2,2,1,2,0,8,8,8,8,8,8,48, ,48,1, ,2, ,2,2,2,180,60, , , , , , , , , , , , , ,1,5,2, ,2, ,2, ,2, ,1,5,2, ,2, ,2, ,1,5,2, ,2, ,2, ,8,2, ,2,2,2,2,2,2,10,7,1,260, , , , ,779, , , ,1039,1039,1039,1,1, ,51.465187761964
2024,01,0000301,1,0074,1,5,20240100003011007414,24,1,4,5,1,2, ,1,12, , , , , , , , , , , , , , , , , , , , , , , , , , , , , , , , , , , , , , , , , , , , , , , , , , , , , , , , , , , , , , , , , , , , , , , , , , , , , , , , , , , , , , , , , , , , , , , , , , , , , , , , , , , , , , , ,1, , , 
2024,01,0000902,1,0031,1,5,20240100009021003111,24,1,1,1,1,2, ,1,64,1,1,18,9,1959,1, , , , , , , , , , , , , , , ,7231,4540,2, ,2,2,1,1,3,2,3,3,5,2,2,20, ,20,1, ,2, ,2,2, , , , , , , , , , , , , , , , ,1,1,1,3,2, ,2, ,2, ,2, ,2, ,2, ,2, ,1,3,2, ,2, ,2, ,6,5, ,2,2,2,2,2,2,10,7,1, , , , , , ,1050, , ,1050,1050,1050,1,2, ,113.504214768046
2024,01,0000902,1,0031,1,5,20240100009021003112,24,1,2,2,1,2, ,2,68,2,2,17,4,1955,2,2,2,2,2,2,2,2,2,2,2,2,2,2,2,2, , , , , , , , , , , , , , , , , , , , , , , , , , , , , , , , , ,2,5,2,2,3, , ,1,1,1,4,2, ,2, ,2, ,2, ,2, ,2, ,2, ,2, ,2, ,2, ,2, ,6,5, ,2,2,2,2,2,2,10,6,4, , , , , , , , , , , , ,1, , ,96.1509456569863
2024,01,0000902,1,0031,1,5,20240100009021003113,24,1,3,3,1,2, ,1,35,3,3,20,12,1988,1, , , , , , , , , , , , , , , ,8321,4922,2, ,3,2,1,1,5,8,8,8,8,8,10,55, ,55,1, ,2, ,2,2, , , , , , , , , , , , , , , , ,1,5,2, ,2, ,2, ,2, ,1,5,2, ,2, ,2, ,1,5,2, ,2, ,2, ,11,5, ,2,2,2,2,2,2,10,7,1, , , , , , ,500, , ,500,500,500,1,1, ,68.0998297742167
2024,01,0000902,1,0031,1,5,20240100009021003114,24,1,4,3,1,2, ,1,33,4,4,27,8,1990,1, , , , , , , , , , , , , , , ,8321,4922,2, ,3,2,1,1,10,12,10,12,12,12,12,80, ,80,1, ,2, ,2,2, , , , , , , , , , , , , , , , ,1,5,2, ,2, ,2, ,2, ,1,5,2, ,2, ,2, ,2, ,1,5,2, ,2, ,9,3, ,2,2,2,2,2,2,10,7,1, , , , , , ,350, , ,350,350,350,1,1, ,68.0998297742167
2024,01,0000902,1,0033,1,5,20240100009021003311,24,1,1,1,1,2, ,2,42,1,1,5,7,1981,2,2,2,2,2,2,2,2,2,2,2,2,2,2,2,2, , , , , , , , , , , , , , , , , , , , , , , , , , , , , , , , , ,1,5,1,1,13,5,4,1,5,2, ,2, ,2, ,2, ,1,5,2, ,2, ,2, ,2, ,2, ,2, ,2, ,6,5, ,2,2,2,2,2,2,10,7,2, , , , , , , , , , , , ,1, , ,75.1035461258045
2024,01,0000902,1,0033,1,5,20240100009021003313,24,1,2,3,1,2, ,2,22,2,2,3,7,2001,2,2,2,2,2,2,2,2,2,2,2,2,2,2,2,2, , , , , , , , , , , , , , , , , , , , , , , , , , , , , , , , , ,1,5,1,1,13,6,4,1,5,2, ,2, ,2, ,2, ,1,5,2, ,2, ,2, ,2, ,2, ,2, ,2, ,11,5, ,2,2,2,2,2,2,10,7,2, , , , , , , , , , , , ,1, , ,89.4136701537403
2024,01,0000902,1,0033,1,5,20240100009021003312,24,1,3,3,1,1, ,1,25, , , , , , , , , , , , , , , , , , , , , , , , , , , , , , , , , , , , , , , , , , , , , , , , , , , , , , , , , , , , , , , , , , , , , , , , , , , , , , , , , , , , , , , , , , , , , , , , , , , , , , , , , , , , , , , ,0, , , 
2024,01,0000902,1,0033,1,5,20240100009021003314,24,1,4,4,1,2, ,2,24,4,4,1,2,1999,1, , , , , , , , , , , , , , , ,4224,9311,3,5,2,2,1,2,0,5,5,5,5,5,5,30, ,30,1, ,2, ,2,2,3,225, , , , , , , , , , , , , , ,1,5,2, ,2, ,2, ,2, ,1,5,2, ,2, ,2, ,2, ,2, ,2, ,2, ,6,5, ,2,2,2,2,2,2,10,6,1, , , , , ,450, , , ,450,450,450,1,1, ,52.5861221283763
2024,01,0000902,1,0033,1,5,20240100009021003315,24,1,5,5,1,2, ,2,3, , , , , , , , , , , , , , , , , , , , , , , , , , , , , , , , , , , , , , , , , , , , , , , , , , , , , , , , , , , , , , , , , , , , , , , , , , , , , , , , , , , , , , , , , , , , , , , , , , , , , , , , , , , , , , , ,1, , , 
2024,01,0000902,1,0034,1,5,20240100009021003411,24,1,1,1,1,2, ,1,52,1,1,4,8,1971,1, , , , , , , , , , , , , , , ,7221,2511,2, ,2,2,1,1,0,8,8,8,8,0,0,32, ,32,1, ,2, ,2,2, , , , , , , , , , , , , , , , ,2,5,2, ,2, ,2, ,2, ,1,5,2, ,2, ,2, ,2, ,2, ,2, ,2, ,6,5, ,2,2,2,2,2,2,10,5,1, , , , , , ,1200, , ,1200,1200,1200,1,2, ,113.504214768046
2024,01,0000902,1,0035,1,5,20240100009021003511,24,1,1,1,1,2, ,1,64,1,1,16,4,1959,1, , , , , , , , , , , , , , , ,7231,4520,2, ,3,2,1,1,5,8,8,8,8,8,8,53, ,53,1, ,2, ,2,2, , , , , , , , , , , , , , , , ,1,5,2, ,2, ,2, ,2, ,1,5,2, ,2, ,2, ,2, ,2, ,2, ,2, ,5,3, ,2,2,2,2,2,2,10,7,1, , , , , , ,1800, , ,1800,1800,1800,1,1, ,113.504214768046
2024,01,0003301,5,0069,1,3,20230100033015006911,24,1,1,1,1,2, ,1,23,1,1,15,10,2000,1, , , , , , , , , , , , , , , ,8321,4922,2, ,3,2,1,1,0,10,12,12,10,10,10,64, ,64,1, ,2, ,2,2, , , , , , , , , , , , , , , , ,1,5,2, ,2, ,2, ,2, ,1,5,2, ,2, ,2, ,2, ,2, ,2, ,2, ,10,1, ,2,2,2,2,2,2,10,7,1, , , , , , ,1155, , ,1155,1155,1155,1,1, ,3.10258754564477
2024,01,0003301,5,0069,1,3,20230100033015006912,24,1,2,98, , , , , , , , , , , , , , , , , , , , , , , , , , , , , , , , , , , , , , , , , , , , , , , , , , , , , , , , , , , , , , , , , , , , , , , , , , , , , , , , , , , , , , , , , , , , , , , , , , , , , , , , , , , , , , , , , , , , ,9, , , 
2024,01,0003301,5,0069,1,3,20230100033015006913,24,1,3,98, , , , , , , , , , , , , , , , , , , , , , , , , , , , , , , , , , , , , , , , , , , , , , , , , , , , , , , , , , , , , , , , , , , , , , , , , , , , , , , , , , , , , , , , , , , , , , , , , , , , , , , , , , , , , , , , , , , , ,9, , , 
2024,01,0003301,5,0069,1,3,20230100033015006914,24,1,4,98, , , , , , , , , , , , , , , , , , , , , , , , , , , , , , , , , , , , , , , , , , , , , , , , , , , , , , , , , , , , , , , , , , , , , , , , , , , , , , , , , , , , , , , , , , , , , , , , , , , , , , , , , , , , , , , , , , , , ,9, , , 
2024,01,0003301,5,0070,1,3,20230100033015007011,24,1,1,1,1,2, ,2,50,1,1,23,10,1973,2,2,2,2,1,2,2,2,2,2,2,2,2,2,2, ,5212,4722,2, ,3,2,1,1,0,0,3,3,2,0,2,10, ,18,2,18,1,1,1,2, , , , , , , , , , , , , , , , ,1,5,2, ,2, ,2, ,2, ,1,5,2, ,2, ,2, ,2, ,2, ,2, ,2, ,5,2, ,2,2,2,2,2,2,10,7,1, , , , , , ,490, , ,490,490,490,1,1, ,3.28488716128355
2024,01,0003301,5,0070,1,3,20230100033015007012,24,1,2,2,1,2, ,1,49,2,2,9,1,1975,1, , , , , , , , , , , , , , , ,8321,4922,2, ,3,2,1,1,0,9,9,9,9,9,9,54, ,54,1, ,2, ,2,2, , , , , , , , , , , , , , , , ,1,5,2, ,2, ,2, ,2, ,1,5,2, ,2, ,2, ,2, ,2, ,2, ,2, ,5,2, ,2,2,2,2,2,2,10,7,1, , , , , , ,1200, , ,1200,1200,1200,1,1, ,3.90883643580383
2024,01,0003301,5,0070,1,3,20230100033015007013,24,1,3,3,1,2, ,1,33,3,3,14,11,1990,1, , , , , , , , , , , , , , , ,8321,4922,2, ,3,2,1,1,8,8,0,4,0,0,8,28, ,35,2,35,1,2,2,2, , , , , , , , , , , , , , , , ,1,5,2, ,2, ,2, ,2, ,1,5,2, ,2, ,2, ,2, ,2, ,2, ,2, ,5,2, ,2,2,2,2,2,2,10,7,1, , , , , , ,722, , ,722,722,722,1,1, ,5.67050001442808
2024,01,0003301,5,0070,1,3,20230100033015007014,24,1,4,3,1,2, ,2,15,4,4,14,5,2008,2,2,2,2,2,2,2,2,2,2,2,2,2,2,2,2, , , , , , , , , , , , , , , , , , , , , , , , , , , , , , , , , ,2,4,1,1,3, , ,1,5,2, ,2, ,2, ,2, ,1,5,2, ,2, ,2, ,2, ,2, ,2, ,2, ,5,3, ,2,2,2,2,2,2,10,5,4, , , , , , , , , , , , ,1, , ,2.96965089314003
2024,01,0003301,5,0070,1,3,20230100033015007015,24,1,5,3,1,2, ,2,26,5,5,12,8,1997,2,2,2,2,2,2,2,2,2,2,2,2,2,2,2,2, , , , , , , , , , , , , , , , , , , , , , , , , , , , , , , , , ,2,5,1,1,6, , ,1,5,2, ,2, ,2, ,2, ,1,5,2, ,2, ,2, ,2, ,2, ,2, ,2, ,6,5, ,2,2,2,2,2,2,10,5,4, , , , , , , , , , , , ,1, , ,4.09492977725213
2024,01,0003301,5,0070,1,3,20230100033015007016,24,1,6,5,1,2, ,1,6, , , , , , , , , , , , , , , , , , , , , , , , , , , , , , , , , , , , , , , , , , , , , , , , , , , , , , , , , , , , , , , , , , , , , , , , , , , , , , , , , , , , , , , , , , , , , , , , , , , , , , , , , , , , , , , ,1, , , 
2024,01,0003301,5,0071,1,3,20230100033015007111,24,1,1,1,1,2, ,1,21,1,1,8,10,2002,2,2,2,2,2,2,2,2,2,2,2,2,2,2,2,2, , , , , , , , , , , , , , , , , , , , , , , , , , , , , , , , , ,2,8,2,2,11, , ,1,5,2, ,2, ,2, ,2, ,1,5,2, ,2, ,2, ,2, ,2, ,2, ,2, ,5,1, ,2,2,2,2,2,2,10,6,4, , , , , , , , , , , , ,1, , ,4.52548483189945
2024,01,0003301,5,0071,1,3,20230100033015007112,24,1,2,2,1,2, ,2,18,2,2,28,7,2005,2,2,2,2,2,2,2,2,2,2,2,2,2,2,2,2, , , , , , , , , , , , , , , , , , , , , , , , , , , , , , , , , ,2,5,1,2,6, , ,2,5,2, ,2, ,2, ,2, ,1,5,2, ,2, ,2, ,2, ,2, ,2, ,2, ,6,5, ,2,2,2,2,2,2,10,7,4, , , , , , , , , , , , ,1, , ,2.96965089314003
2024,01,0003301,5,0071,1,3,20240100033015007113,24,1,3,3,1,2, ,2,0, , , , , , , , , , , , , , , , , , , , , , , , , , , , , , , , , , , , , , , , , , , , , , , , , , , , , , , , , , , , , , , , , , , , , , , , , , , , , , , , , , , , , , , , , , , , , , , , , , , , , , , , , , , , , , , ,1, , , 
2024,01,0003301,5,0072,1,3,20230100033015007211,24,1,1,1,1,2, ,1,40,1,1,6,9,1983,1, , , , , , , , , , , , , , , ,6222,311,3,5,3,2,1,3,0,6,6,6,5,6,4,33, ,33,1, ,2, ,2,2,2,450, , , , , , , , , , , , , , ,1,5,2, ,2, ,2, ,2, ,1,5,2, ,2, ,2, ,2, ,2, ,2, ,2, ,6,5, ,2,2,2,2,2,2,10,7,1, , , , , ,1949, , , ,1949,1949,1949,1,1, ,5.67050001442808
2024,01,0003301,5,0072,1,3,20230100033015007212,24,1,2,2,1,2, ,2,33,2,2,28,10,1990,2,2,2,2,2,2,2,2,2,2,2,2,2,2,2,2, , , , , , , , , , , , , , , , , , , , , , , , , , , , , , , , , ,2,5,1,1,1, , ,1,5,2, ,2, ,2, ,2, ,1,5,2, ,2, ,2, ,2, ,2, ,2, ,2, ,5,3, ,2,2,2,2,2,2,10,5,3, , , , , , , , , , , , ,1, , ,4.09492977725213
2024,01,0003301,5,0072,1,3,20230100033015007213,24,1,3,3,1,2, ,2,16,3,3,10,3,2007,2,2,2,2,2,2,2,2,2,2,2,2,2,2,2,2, , , , , , , , , , , , , , , , , , , , , , , , , , , , , , , , , ,2,4,2,2,3, , ,1,5,2, ,2, ,2, ,2, ,1,5,2, ,2, ,2, ,2, ,2, ,2, ,2, ,6,5, ,2,2,2,2,2,2,10,7,4, , , , , , , , , , , , ,1, , ,2.96965089314003
2024,01,0003301,5,0072,1,3,20240100033015007214,24,1,4,3,1,2, ,1,16,4,4,2,4,2007,2,2,2,2,2,2,2,2,2,2,2,2,2,2,2,2, , , , , , , , , , , , , , , , , , , , , , , , , , , , , , , , , ,2,4,1,2,3, , ,1,5,2, ,2, ,2, ,2, ,1,5,2, ,2, ,2, ,2, ,2, ,2, ,2, ,6,5, ,2,2,2,2,2,2,10,5,4, , , , , , , , , , , , ,1, , ,4.52548483189945
2024,01,0003301,5,0072,1,3,20230100033015007214,24,1,5,3,1,2, ,1,8, , , , , , , , , , , , , , , , , , , , , , , , , , , , , , , , , , , , , , , , , , , , , , , , , , , , , , , , , , , , , , , , , , , , , , , , , , , , , , , , , , , , , , , , , , , , , , , , , , , , , , , , , , , , , , , ,1, , , 
2024,01,0003301,5,0072,1,3,20230400033015007215,24,1,6,3,1,2, ,1,0, , , , , , , , , , , , , , , , , , , , , , , , , , , , , , , , , , , , , , , , , , , , , , , , , , , , , , , , , , , , , , , , , , , , , , , , , , , , , , , , , , , , , , , , , , , , , , , , , , , , , , , , , , , , , , , ,1, , , 
2024,01,0003302,3,0001,1,3,20231000033023000111,24,1,1,1,1,2, ,2,76,1,1,15,3,1947,2,2,2,2,2,2,2,2,2,2,2,2,1,2,2, ,5223,4722,4, ,3,2,1,2,3,2,3,3,4,3,3,21,10,31,1, ,1,1,1, , , , , , , , , , , , , , , , , ,1,1,1,3,2, ,2, ,2, ,2, ,2, ,2, ,2, ,2, ,2, ,1,3,2, ,9,3, ,2,2,2,2,2,2,10,7,1, , , , , , , , , ,0,0,0,1,1, ,8.8367310976055
2024,01,0003302,3,0001,1,3,20231000033023000112,24,1,2,7,1,2, ,2,75,2,2,13,11,1948,1, , , , , , , , , , , , , , , ,5120,5629,2, ,3,2,1,2,7,0,0,0,0,0,7,14,54,68,1, ,2, ,2,2, , , , , , , ,100,20, , , , , , , ,1,1,1,3,2, ,2, ,2, ,2, ,2, ,2, ,2, ,2, ,2, ,1,3,2, ,9,5, ,2,2,2,2,2,2,10,6,1, ,346, ,20, , ,579, ,100,1045,925,1045,1,1, ,8.8367310976055
2024,01,0003302,3,0001,1,3,20231000033023000113,24,1,3,7,1,1, ,2,71, , , , , , , , , , , , , , , , , , , , , , , , , , , , , , , , , , , , , , , , , , , , , , , , , , , , , , , , , , , , , , , , , , , , , , , , , , , , , , , , , , , , , , , , , , , , , , , , , , , , , , , , , , , , , , , ,0, , , 
2024,01,0003302,3,0002,1,3,20231000033023000211,24,1,1,1,1,2, ,1,64,1,1,20,6,1959,1, , , , , , , , , , , , , , , ,8331,4663,3,5,2,2,1,2,0,8,0,8,0,8,0,24, ,24,1, ,1,1,1,2,2,300, , , , , , , , , , , , , , ,1,1,1,4,2, ,2, ,2, ,2, ,2, ,2, ,2, ,2, ,2, ,2, ,2, ,6,5, ,2,2,2,2,2,2,10,7,1, , , , , ,1299, , , ,1299,1299,1299,1,1, ,15.6775141578148
2024,01,0003302,3,0002,1,3,20231000033023000212,24,1,2,2,1,2, ,2,63,2,2,21,8,1960,2,1, , , , , , , , , , , , , , ,2341,8510,3,2, , ,5,9998,0,0,0,0,0,0,0,0, ,30,2,30,2, ,2,2,4,2700, , , , , , , , , , , , , , ,1,1,1,1,2, ,2, ,2, ,2, ,2, ,2, ,2, ,2, ,1,1,2, ,2, ,12,2, ,2,2,2,2,2,2,10,7,1, , , , ,100,2700, , , ,2700,2700,2800,1,2, ,8.8367310976055
2024,01,0003302,3,0002,1,3,20231000033023000213,24,1,3,5,1,2, ,2,13, , , , , , , , , , , , , , , , , , , , , , , , , , , , , , , , , , , , , , , , , , , , , , , , , , , , , , , , , , , , , , , , , , , , , , , , , , , , , , , , , , , , , , , , , , , , , , , , , , , , , , , , , , , , , , , ,1, , , 
2024,01,0003302,3,0004,1,3,20231000033023000411,24,1,1,1,1,2, ,1,41,1,1,29,11,1982,2,1, , , , , , , , , , , , , , ,5329,8610,3,2, , ,5,9998,0,0,0,0,0,0,0,0, ,40,2,40,2, ,2,2,4,2470, , , , , , , , , , , , , , ,1,1,1,1,2, ,2, ,2, ,2, ,2, ,2, ,2, ,2, ,1,1,2, ,2, ,11,5, ,2,2,2,2,2,2,10,7,1, , , , ,100,2470, , , ,2470,2470,2570,1,2, ,15.8826902342248
2024,01,0003302,3,0004,1,3,20231000033023000412,24,1,2,2,1,2, ,2,36,2,2,13,1,1988,2,1, , , , , , , , , , , , , , ,2221,8610,3,2, , ,5,9998,0,0,0,0,0,0,0,0, ,48,2,48,2, ,2,2,4,4500, , , , , , , , , , , , , , ,1,1,1,1,2, ,2, ,2, ,2, ,2, ,2, ,2, ,1,1,2, ,2, ,2, ,11,5, ,2,2,2,2,2,2,10,7,1, , , , ,100,4500, , , ,4500,4500,4600,1,2, ,13.3117255610759
2024,01,0003302,3,0004,1,3,20231000033023000413,24,1,3,3,1,2, ,1,9, , , , , , , , , , , , , , , , , , , , , , , , , , , , , , , , , , , , , , , , , , , , , , , , , , , , , , , , , , , , , , , , , , , , , , , , , , , , , , , , , , , , , , , , , , , , , , , , , , , , , , , , , , , , , , , ,1, , , 
2024,01,0003302,3,0004,1,3,20231000033023000414,24,1,4,3,1,2, ,2,1, , , , , , , , , , , , , , , , , , , , , , , , , , , , , , , , , , , , , , , , , , , , , , , , , , , , , , , , , , , , , , , , , , , , , , , , , , , , , , , , , , , , , , , , , , , , , , , , , , , , , , , , , , , , , , , ,1, , , 
2024,01,0003302,3,0004,1,3,20231000033023000415,24,1,5,11,1,2, ,2,18,5,5,7,2,2005,2,2,2,2,2,2,2,2,2,2,2,2,2,2,2,2, , , , , , , , , , , , , , , , , , , , , , , , , , , , , , , , , ,2,8,2,2,6, , ,1,5,2, ,2, ,2, ,2, ,1,5,2, ,2, ,2, ,2, ,2, ,2, ,2, ,6,5, ,2,2,2,2,2,2,10,7,4, , , , , , , , , , , , ,1, , ,11.9106400806449
2024,01,0003302,3,0005,1,3,20231000033023000511,24,1,1,1,1,1, ,2,87, , , , , , , , , , , , , , , , , , , , , , , , , , , , , , , , , , , , , , , , , , , , , , , , , , , , , , , , , , , , , , , , , , , , , , , , , , , , , , , , , , , , , , , , , , , , , , , , , , , , , , , , , , , , , , , ,0, , , 
2024,01,0003302,3,0005,1,3,20231000033023000512,24,1,2,3,1,2, ,1,56,2,2,23,10,1967,1, , , , , , , , , , , , , , , ,2149,7490,1, ,2,1,1,6,0,9,9,9,9,9,6,51, ,51,1, ,1,1,1,1, , , , , , , , , , , , , , , , ,1,1,1,4,2, ,2, ,2, ,2, ,2, ,2, ,2, ,1,5,2, ,2, ,2, ,11,5, ,2,2,2,2,2,2,10,7,1, , , , , , ,3500, , ,3500,3500,3500,1,2, ,11.7329504265159
2024,01,00034,3,0081,1,3,202210000343008111,24,1,1,1,1,2, ,2,72,1,1,21,9,1951,2,2,2,2,2,2,2,2,2,2,2,2,2,2,2,2, , , , , , , , , , , , , , , , , , , , , , , , , , , , , , , , , ,2,7,2,2,3, , ,1,5,2, ,2, ,2, ,2, ,1,5,2, ,2, ,2, ,2, ,2, ,2, ,2, ,5,2, ,1,2,2,2,2,2,10,7,4, , , , , , , , , , , , ,1, , ,23.2608872800372
2024,01,00034,3,0081,1,3,202310000343008112,24,1,2,8,1,2, ,1,23,2,2,18,9,2000,1, , , , , , , , , , , , , , , ,3251,8620,3,5,2,1,1,5,0,5,0,5,5,0,0,15, ,15,1, ,2, ,2,1,2,300, , , , , , , , , , , , , , ,1,5,2, ,2, ,2, ,2, ,1,5,2, ,2, ,2, ,2, ,2, ,2, ,2, ,9,3, ,2,2,2,2,2,2,10,6,1, , , , , ,1299, , , ,1299,1299,1299,1,1, ,21.9699903321765
2024,01,00034,3,0081,1,3,202310000343008113,24,1,3,3,2, ,2,2,43, , , , , , , , , , , , , , , , , , , , , , , , , , , , , , , , , , , , , , , , , , , , , , , , , , , , , , , , , , , , , , , , , , , , , , , , , , , , , , , , , , , , , , , , , , , , , , , , , , , , , , , , , , , , , , , ,0, , , 
2024,01,00034,3,0084,1,3,202210000343008411,24,1,1,1,1,2, ,1,67,1,1,12,2,1956,1, , , , , , , , , , , , , , , ,3131,8610,3,3, , ,5,9998,0,15,15,15,15,15,15,90, ,90,1, ,2, ,2,2,4,3000, , , , , , , , , , , , , , ,1,1,1,1,2, ,2, ,2, ,2, ,2, ,2, ,2, ,1,1,2, ,2, ,2, ,9,3, ,2,2,2,2,2,2,10,7,1, , , , ,300,3000, , , ,3000,3000,3300,1,2, ,20.7149244132878
2024,01,00034,3,0084,1,3,202210000343008412,24,1,2,2,1,2, ,2,60,2,2,23,4,1963,2,2,2,2,2,2,2,2,2,2,2,2,2,2,2,2, , , , , , , , , , , , , , , , , , , , , , , , , , , , , , , , , ,2,5,2,1,3, , ,1,1,1,4,2, ,2, ,2, ,2, ,2, ,2, ,2, ,2, ,2, ,2, ,2, ,5,1, ,2,2,2,2,2,2,10,5,4, , , , , , , , , , , , ,1, , ,23.2608872800372
2024,01,00034,3,0084,1,3,202210000343008413,24,1,3,3,1,2, ,2,27,3,3,12,2,1996,2,2,2,2,2,2,2,2,2,2,2,2,2,2,2,2, , , , , , , , , , , , , , , , , , , , , , , , , , , , , , , , , ,2,4,1,1,5, , ,1,5,2, ,2, ,2, ,2, ,1,5,2, ,2, ,2, ,2, ,2, ,2, ,2, ,10,4, ,2,2,2,2,2,2,10,5,4, , , , , , , , , , , , ,1, , ,23.5023057955595
2024,01,00034,3,0085,1,3,202210000343008511,24,1,1,1,1,2, ,1,74,1,1,10,4,1949,2,2,2,2,2,2,2,2,2,2,2,2,1,2,2, ,5223,4711,4, ,2,1,1,2,8,8,5,8,9,8,8,54, ,54,1, ,2, ,2, , , , , , , , , , , , , , , , , ,1,1,1,5,2, ,2, ,2, ,2, ,2, ,2, ,2, ,1,5,2, ,2, ,2, ,6,5, ,2,2,2,2,2,2,10,7,1, , , , , , , , , ,0,0,0,1,1, ,27.6791863053853
2024,01,00034,3,0085,1,3,202210000343008512,24,1,2,2,1,2, ,2,65,2,1,13,1,1959,2,2,1, , , , , , , , , , , , , ,5212,4711,2, ,2,1,1,2,0,0,0,0,0,0,0,0, ,30,2,30,2, ,2,2, , , , , , , , , , , , , , , , ,1,1,1,4,2, ,2, ,2, ,2, ,2, ,2, ,2, ,2, ,2, ,2, ,2, ,6,5, ,1,2,2,2,2,2,10,7,1, ,520, , , , ,530, , ,1050,1050,1050,1,2, ,23.2608872800372
2024,01,00034,3,0085,1,3,202210000343008513,24,1,3,3,1,2, ,2,28,3,3,9,11,1995,2,2,2,2,2,2,2,2,2,2,2,2,2,2,2,2, , , , , , , , , , , , , , , , , , , , , , , , , , , , , , , , , ,2,5,2,2,7, , ,1,5,2, ,2, ,2, ,2, ,1,5,2, ,2, ,2, ,2, ,2, ,2, ,2, ,6,5, ,2,2,2,2,1,2,10,5,4, , , , , , , , , , , , ,1, , ,28.9969473201357
2024,01,00038,7,0019,1,3,202304000387001911,24,1,1,1,1,2, ,1,94,1,1,15,3,1929,2,2,2,2,2,2,2,2,2,2,2,2,2,2,2,2, , , , , , , , , , , , , , , , , , , , , , , , , , , , , , , , , ,2,6,2,2,3, , ,1,1,1,3,2, ,2, ,2, ,2, ,2, ,2, ,2, ,2, ,1,3,2, ,2, ,1, , ,2,2,2,2,2,2,10,6,4, , , , , , , , , , , , ,1, , ,7.652331526346
2024,01,00038,7,0019,1,3,202304000387001912,24,1,2,3,1,2, ,2,54,2,2,17,6,1969,1, , , , , , , , , , , , , , , ,4417,8411,3,2, , ,5,9998,0,8,8,8,8,8,0,40, ,40,1, ,1,1,1,2,4,1500, , , , , , , , , , , , , , ,1,5,2, ,2, ,2, ,2, ,1,5,2, ,2, ,2, ,2, ,2, ,2, ,2, ,9,3, ,2,2,2,2,2,2,10,8,1, , , , , ,1500, , , ,1500,1500,1500,1,1, ,4.47339121545792
2024,01,00038,7,0019,1,3,202304000387001913,24,1,3,3,1,2, ,1,53,3,99, , , , , , , , , , , , , , , , , , , , , , , , , , , , , , , , , , , , , , , , , , , , , , , , , , , , , , , , , , , , , , , , , , , , , , , , , , , , , , , , , , , , , , , , , , , , , , , , , , , , , , , , , , , , , ,1, , , 
2024,01,00038,7,0020,1,3,202301000387002011,24,1,1,1,1,2, ,2,72,1,1,2,3,1951,1, , , , , , , , , , , , , , , ,5120,5610,2, ,3,2,1,1,7,8,0,0,0,0,0,15, ,19,2,19,1,1,1,2, , , , , , , , , , , , , , , , ,1,1,1,4,2, ,2, ,2, ,2, ,2, ,2, ,2, ,2, ,1,4,2, ,2, ,9,3, ,2,2,2,2,2,2,10,5,1, ,130, , , , ,856, , ,986,986,986,1,1, ,4.47339121545792
2024,01,00038,7,0021,1,3,202301000387002111,24,1,1,1,1,2, ,1,43,1,1,30,7,1980,1, , , , , , , , , , , , , , , ,9622,8521,3,5,1, ,2,25,0,10,10,10,10,10,10,60, ,60,1, ,1,1,1,2,4,1300, , , , , , , , , , , , , , ,1,1,1,1,2, ,2, ,2, ,2, ,2, ,2, ,2, ,1,1,2, ,2, ,2, ,5,4, ,2,2,2,2,2,2,10,8,1, , , , ,216,1300, , , ,1300,1300,1516,1,2, ,11.5132066706642
2024,01,00038,7,0021,1,3,202301000387002112,24,1,2,2,1,1, ,2,40, , , , , , , , , , , , , , , , , , , , , , , , , , , , , , , , , , , , , , , , , , , , , , , , , , , , , , , , , , , , , , , , , , , , , , , , , , , , , , , , , , , , , , , , , , , , , , , , , , , , , , , , , , , , , , , ,0, , , 
2024,01,00038,7,0021,1,3,202301000387002113,24,1,3,3,1,2, ,2,15,3,3,26,4,2008,2,2,2,2,2,2,2,2,2,2,2,2,2,2,2,2, , , , , , , , , , , , , , , , , , , , , , , , , , , , , , , , , ,2,4,2,2,5, , ,1,1,1,4,2, ,2, ,2, ,2, ,2, ,2, ,2, ,2, ,2, ,2, ,2, ,5,3, ,2,2,2,2,2,2,10,7,4, , , , , , , , , , , , ,1, , ,6.02948670936422
2024,01,00038,7,0022,1,3,202301000387002211,24,1,1,1,1,1, ,1,53, , , , , , , , , , , , , , , , , , , , , , , , , , , , , , , , , , , , , , , , , , , , , , , , , , , , , , , , , , , , , , , , , , , , , , , , , , , , , , , , , , , , , , , , , , , , , , , , , , , , , , , , , , , , , , , ,0, , , 
2024,01,00038,7,0022,1,3,202301000387002212,24,1,2,2,1,2, ,2,51,2,2,12,3,1972,1, , , , , , , , , , , , , , , ,3314,5510,1, ,1, ,1,3,12,12,12,12,12,12,12,84, ,84,1, ,1,1,1,2, , , ,3500, , , , , , , , , , , , ,1,5,2, ,2, ,2, ,2, ,1,5,2, ,2, ,2, ,2, ,2, ,2, ,2, ,11,5, ,2,2,2,2,2,2,10,7,1, , , , , , ,3500, , ,3500,3500,3500,1,2, ,4.47339121545792
2024,01,00038,8,0074,1,3,202401000388007411,24,1,1,1,1,2, ,1,31,1,1,6,8,1992,1, , , , , , , , , , , , , , , ,220,8423,3,1, , ,5,9998,0,14,14,4,0,14,14,60, ,60,1, ,2, ,2,2,4,3175, , , , , , , , , , , , , , ,2,4,2, ,2, ,2, ,1,1,2, ,2, ,2, ,2, ,2, ,2, ,2, ,1,1,9,3, ,2,2,2,2,2,2,10,5,1, , , , ,67,3175, , , ,3175,3175,3242,1,2, ,8.04024544674365
2024,01,00038,8,0074,1,3,202401000388007412,24,1,2,2,1,2, ,2,29,2,2,12,4,1994,2,2,2,2,2,2,1,2,2,2,2,2,2,2,2, ,9535,4782,2, ,3,2,1,1,1,1,1,1,1,1,1,7, ,7,1, ,2, ,2,2, , , , , , , , , , , , , , , , ,1,4,2, ,2, ,2, ,1,4,2, ,2, ,2, ,2, ,2, ,1,5,2, ,2, ,9,3, ,2,2,2,2,2,2,10,7,1, ,1000, , , , ,308, , ,1308,1308,1308,1,1, ,6.73875390455635
2024,01,00038,8,0074,1,3,202401000388007413,24,1,3,3,1,2, ,1,10, , , , , , , , , , , , , , , , , , , , , , , , , , , , , , , , , , , , , , , , , , , , , , , , , , , , , , , , , , , , , , , , , , , , , , , , , , , , , , , , , , , , , , , , , , , , , , , , , , , , , , , , , , , , , , , ,1, , , 
2024,01,00038,8,0074,1,3,202401000388007414,24,1,4,3,1,2, ,1,3, , , , , , , , , , , , , , , , , , , , , , , , , , , , , , , , , , , , , , , , , , , , , , , , , , , , , , , , , , , , , , , , , , , , , , , , , , , , , , , , , , , , , , , , , , , , , , , , , , , , , , , , , , , , , , , ,1, , , 
2024,01,00038,8,0076,1,3,202401000388007611,24,1,1,1,1,2, ,2,67,1,1,9,10,1956,1, , , , , , , , , , , , , , , ,7354,9529,2, ,3,2,1,1,0,3,5,0,0,4,0,12,32,44,1, ,2, ,2,2, , , , , ,100,100, , , , , , , , , ,1,5,2, ,2, ,2, ,2, ,1,5,2, ,2, ,2, ,2, ,2, ,2, ,2, ,4,5, ,2,2,2,2,2,2,10,5,1, , ,433, , , ,500,100, ,1033,500,1033,1,1, ,6.708199269294
2024,01,00038,8,0077,1,3,202401000388007711,24,1,1,1,1,2, ,2,68,1,1,1,11,1955,1, , , , , , , , , , , , , , , ,5212,4721,2, ,3,2,1,4,10,10,10,12,10,12,12,76, ,76,1, ,1,1,1,2, , , , , , , , , , , , , , , , ,1,5,2, ,2, ,2, ,2, ,1,5,2, ,2, ,2, ,2, ,2, ,2, ,2, ,3,2, ,2,2,2,2,2,2,10,5,1, ,22, , , , ,157, , ,179,179,179,1,1, ,6.708199269294
2024,01,00038,8,0077,1,3,202401000388007712,24,1,2,3,1,2, ,1,44,2,99, , , , , , , , , , , , , , , , , , , , , , , , , , , , , , , , , , , , , , , , , , , , , , , , , , , , , , , , , , , , , , , , , , , , , , , , , , , , , , , , , , , , , , , , , , , , , , , , , , , , , , , , , , , , , ,1, , , 
2024,01,00038,8,0077,1,3,202401000388007713,24,1,3,3,2, ,2,1,46, , , , , , , , , , , , , , , , , , , , , , , , , , , , , , , , , , , , , , , , , , , , , , , , , , , , , , , , , , , , , , , , , , , , , , , , , , , , , , , , , , , , , , , , , , , , , , , , , , , , , , , , , , , , , , , ,0, , , 
2024,01,00038,8,0077,1,3,202401000388007714,24,1,4,5,1,2, ,1,12, , , , , , , , , , , , , , , , , , , , , , , , , , , , , , , , , , , , , , , , , , , , , , , , , , , , , , , , , , , , , , , , , , , , , , , , , , , , , , , , , , , , , , , , , , , , , , , , , , , , , , , , , , , , , , , ,1, , , 
2024,01,00038,8,0078,1,3,202401000388007811,24,1,1,1,1,2, ,1,41,1,1,13,4,1982,1, , , , , , , , , , , , , , , ,8322,4922,2, ,3,2,1,1,0,8,8,0,0,0,0,16, ,56,2,56,2, ,2,2, , , , , , , , , , , , , , , , ,1,5,2, ,2, ,2, ,2, ,1,5,2, ,2, ,2, ,2, ,2, ,2, ,2, ,5,4, ,2,2,2,2,2,2,10,7,1, , , , , , ,1000, , ,1000,1000,1000,1,1, ,11.5132066706642
2024,01,00038,8,0078,1,3,202401000388007812,24,1,2,2,1,2, ,2,35,2,2,22,2,1988,2,2,2,1,2,2,2,2,2,2,2,2,2,2,2, ,5212,4773,2, ,3,2,1,3,12,12,12,12,12,12,12,84, ,84,1, ,2, ,2,2, , , , , , , , , , , , , , , , ,1,5,2, ,2, ,2, ,2, ,1,5,2, ,2, ,2, ,2, ,2, ,2, ,2, ,5,4, ,2,2,2,2,2,2,10,7,1, ,43, , , , ,277, , ,320,320,320,1,1, ,8.31421791859668
2024,01,00038,8,0078,1,3,202401000388007813,24,1,3,3,1,2, ,1,7, , , , , , , , , , , , , , , , , , , , , , , , , , , , , , , , , , , , , , , , , , , , , , , , , , , , , , , , , , , , , , , , , , , , , , , , , , , , , , , , , , , , , , , , , , , , , , , , , , , , , , , , , , , , , , , ,1, , , 
2024,01,00038,8,0078,1,3,202401000388007814,24,1,4,6,1,2, ,1,76,4,4,6,11,1947,2,2,2,2,2,2,2,2,2,2,2,2,2,2,2,2, , , , , , , , , , , , , , , , , , , , , , , , , , , , , , , , , ,2,7,2,2,7, , ,1,5,2, ,2, ,2, ,2, ,1,5,2, ,2, ,2, ,2, ,1,5,2, ,2, ,5,2, ,2,2,2,2,2,2,10,6,4, , , , , , , , , , , , ,1, , ,7.93637979238607
2024,01,00040,5,0081,1,3,202310000405008111,24,1,1,1,1,2, ,1,82,1,1,8,1,1942,2,2,2,2,2,2,2,2,2,2,2,2,2,2,2,2, , , , , , , , , , , , , , , , , , , , , , , , , , , , , , , , , ,2,6,2,2,3, , ,1,1,1,3,2, ,2, ,2, ,2, ,2, ,2, ,2, ,2, ,1,3,2, ,2, ,9,3, ,2,2,2,2,1,2,10,5,4, , , , , , , , , , , , ,1, , ,8.41149474955225
2024,01,00040,5,0081,1,3,202310000405008112,24,1,2,2,1,2, ,2,83,2,2,27,10,1940,2,2,2,2,2,2,2,2,2,2,2,2,2,2,2,2, , , , , , , , , , , , , , , , , , , , , , , , , , , , , , , , , ,2,6,2,2,3, , ,1,1,1,3,2, ,2, ,2, ,2, ,2, ,2, ,2, ,2, ,1,3,2, ,2, ,9,3, ,2,2,2,2,1,1,10,9,4, , , , , , , , , , , , ,1, , ,6.33515991533822
2024,01,00040,5,0083,1,3,202310000405008311,24,1,1,1,1,2, ,2,77,1,1,2,11,1946,2,2,2,2,2,2,2,2,2,2,2,2,2,2,2,2, , , , , , , , , , , , , , , , , , , , , , , , , , , , , , , , , ,2,6,2,2,3, , ,1,1,1,3,2, ,2, ,2, ,2, ,2, ,2, ,2, ,2, ,1,3,2, ,2, ,9,5, ,2,2,2,2,2,2,10,7,4, , , , , , , , , , , , ,1, , ,6.33515991533822
2024,01,00040,5,0083,1,3,202310000405008312,24,1,2,7,1,2, ,1,74,2,2,11,5,1949,2,2,2,2,2,2,2,2,2,2,2,2,2,2,2,2, , , , , , , , , , , , , , , , , , , , , , , , , , , , , , , , , ,2,7,2,2,7, , ,1,5,2, ,2, ,2, ,2, ,1,5,2, ,2, ,2, ,2, ,2, ,2, ,2, ,3,3, ,2,2,2,2,2,2,10,9,4, , , , , , , , , , , , ,1, , ,10.8371348736651
2024,01,00040,5,0083,1,3,202310000405008313,24,1,3,7,1,2, ,1,67,3,3,2,7,1956,2,2,2,1,2,2,2,2,2,2,2,2,2,2,2, ,5212,4721,2, ,3,2,1,1,5,6,10,8,10,10,6,55, ,55,1, ,1,1,1,2, , , , , , , , , , , , , , , , ,1,1,1,5,2, ,2, ,2, ,2, ,2, ,2, ,2, ,1,5,2, ,2, ,2, ,9,5, ,2,2,2,2,2,2,10,1,1, ,65, , , , ,234, , ,299,299,299,1,1, ,8.41149474955225
2024,01,00040,5,0083,1,3,202310000405008314,24,1,4,7,1,2, ,2,56,4,4,3,11,1967,2,2,2,2,2,2,2,2,2,2,2,2,2,2,2,2, , , , , , , , , , , , , , , , , , , , , , , , , , , , , , , , , ,2,5,1,1,1, , ,1,5,2, ,2, ,2, ,2, ,1,5,2, ,2, ,2, ,2, ,2, ,2, ,2, ,5,2, ,2,2,2,2,2,2,10,7,3, , , , , , , , , , , , ,1, , ,9.4453075146368
2024,01,00040,5,0083,1,3,202401000405008315,24,1,5,8,1,2, ,2,17,5,5,13,11,2006,2,2,2,2,2,2,2,2,2,2,2,2,2,2,2,2, , , , , , , , , , , , , , , , , , , , , , , , , , , , , , , , , ,2,5,2,2,3, , ,2,5,2, ,2, ,2, ,2, ,1,5,2, ,2, ,2, ,2, ,2, ,2, ,2, ,6,5, ,2,2,2,2,2,2,10,7,4, , , , , , , , , , , , ,1, , ,8.53888262203298
2024,01,00040,5,0083,1,3,202310000405008315,24,1,6,8,1,2, ,2,23,6,6,4,2,2000,1, , , , , , , , , , , , , , , ,4212,9200,3,5,1, ,1,12,9,9,9,9,9,9,9,63, ,63,1, ,2, ,2,2,4,1125, , , , , , , , , , , , , , ,1,1,1,1,2, ,2, ,2, ,2, ,2, ,2, ,2, ,1,1,2, ,2, ,2, ,8,1, ,2,2,2,2,2,2,10,8,1, , , , ,282,1125, , , ,1125,1125,1407,1,2, ,9.9549518856538
2024,01,00040,5,0083,1,3,202310000405008319,24,1,7,11,1,2, ,1,38,7,7,9,5,1985,1, , , , , , , , , , , , , , , ,5211,4649,3,5,2,1,1,8,0,10,10,10,10,10,10,60, ,60,1, ,2, ,2,2,3,500, , , , , , , , , , , , , , ,1,5,2, ,2, ,2, ,2, ,1,5,2, ,2, ,2, ,2, ,2, ,2, ,2, ,5,2, ,2,2,2,2,2,2,10,1,1, , , , , ,1000, , , ,1000,1000,1000,1,1, ,16.3048572959497
2024,01,00040,5,0083,1,3,202310000405008316,24,1,8,8,1,2, ,2,9, , , , , , , , , , , , , , , , , , , , , , , , , , , , , , , , , , , , , , , , , , , , , , , , , , , , , , , , , , , , , , , , , , , , , , , , , , , , , , , , , , , , , , , , , , , , , , , , , , , , , , , , , , , , , , , ,1, , , 
2024,01,00040,5,0083,1,3,202310000405008317,24,1,9,8,1,2, ,1,3, , , , , , , , , , , , , , , , , , , , , , , , , , , , , , , , , , , , , , , , , , , , , , , , , , , , , , , , , , , , , , , , , , , , , , , , , , , , , , , , , , , , , , , , , , , , , , , , , , , , , , , , , , , , , , , ,1, , , 
2024,01,00040,5,0083,1,3,202310000405008318,24,1,10,8,1,2, ,1,0, , , , , , , , , , , , , , , , , , , , , , , , , , , , , , , , , , , , , , , , , , , , , , , , , , , , , , , , , , , , , , , , , , , , , , , , , , , , , , , , , , , , , , , , , , , , , , , , , , , , , , , , , , , , , , , ,1, , , 
2024,01,00040,5,0083,1,3,2024010004050083111,24,1,11,8,2, ,2,2,35, , , , , , , , , , , , , , , , , , , , , , , , , , , , , , , , , , , , , , , , , , , , , , , , , , , , , , , , , , , , , , , , , , , , , , , , , , , , , , , , , , , , , , , , , , , , , , , , , , , , , , , , , , , , , , , ,0, , , 
2024,01,00040,5,0083,1,3,2024010004050083112,24,1,12,8,2, ,2,2,11, , , , , , , , , , , , , , , , , , , , , , , , , , , , , , , , , , , , , , , , , , , , , , , , , , , , , , , , , , , , , , , , , , , , , , , , , , , , , , , , , , , , , , , , , , , , , , , , , , , , , , , , , , , , , , , ,0, , , 
2024,01,00040,5,0083,1,3,2024010004050083113,24,1,13,8,2, ,2,1,9, , , , , , , , , , , , , , , , , , , , , , , , , , , , , , , , , , , , , , , , , , , , , , , , , , , , , , , , , , , , , , , , , , , , , , , , , , , , , , , , , , , , , , , , , , , , , , , , , , , , , , , , , , , , , , , ,0, , , 
2024,01,00040,5,0083,1,3,2024010004050083114,24,1,14,8,2, ,2,2,5, , , , , , , , , , , , , , , , , , , , , , , , , , , , , , , , , , , , , , , , , , , , , , , , , , , , , , , , , , , , , , , , , , , , , , , , , , , , , , , , , , , , , , , , , , , , , , , , , , , , , , , , , , , , , , , ,0, , , 
2024,01,00040,5,0084,1,3,202310000405008411,24,1,1,1,1,2, ,1,84,1,1,1,11,1939,2,2,2,2,2,2,2,2,2,2,2,2,2,2,2,2, , , , , , , , , , , , , , , , , , , , , , , , , , , , , , , , , ,2,8,2,2,3, , ,1,5,2, ,2, ,2, ,2, ,1,5,2, ,2, ,2, ,2, ,2, ,2, ,2, ,3,4, ,2,2,2,2,2,2,10,5,4, , , , , , , , , , , , ,1, , ,10.8371348736651
2024,01,00040,5,0084,1,3,202310000405008412,24,1,2,2,1,2, ,2,77,2,2,29,7,1946,2,2,2,2,2,2,2,2,2,2,2,2,2,2,2,2, , , , , , , , , , , , , , , , , , , , , , , , , , , , , , , , , ,2,5,2,2,3, , ,1,4,2, ,2, ,2, ,1,4,2, ,2, ,2, ,2, ,2, ,2, ,2, ,2, ,3,1, ,2,2,2,2,2,2,10,5,4, , , , , , , , , , , , ,1, , ,9.50006674311895
2024,01,00040,5,0084,1,3,202310000405008413,24,1,3,3,1,2, ,1,43,3,3,26,9,1980,1, , , , , , , , , , , , , , , ,9211,122,3,5,3,2,1,3,0,0,8,8,8,0,0,24, ,48,2,48,1,1,1,2,2,120, , , , , , , , , , , , , , ,1,5,2, ,2, ,2, ,2, ,1,5,2, ,2, ,2, ,2, ,2, ,2, ,2, ,3, ,3,2,2,2,2,2,2,10,5,1, , , , , ,520, , , ,520,520,520,1,1, ,19.3752945772052
2024,01,00040,5,0084,1,3,202310000405008414,24,1,4,3,1,2, ,2,46,4,4,20,4,1977,1, , , , , , , , , , , , , , , ,5212,4711,2, ,3,2,1,2,12,12,12,12,12,12,12,84, ,84,1, ,2, ,2,2, , , , , , , , , , , , , , , , ,1,5,2, ,2, ,2, ,2, ,1,5,2, ,2, ,2, ,2, ,2, ,2, ,2, ,6,5, ,2,2,2,2,2,2,10,7,1, ,840, , , , ,660, , ,1500,1500,1500,1,1, ,9.4453075146368
2024,01,00040,5,0084,1,3,202310000405008415,24,1,5,5,1,2, ,2,19,5,5,18,3,2004,2,2,2,2,2,2,2,2,2,2,2,2,2,2,2,2, , , , , , , , , , , , , , , , , , , , , , , , , , , , , , , , , ,2,8,2,2,6, , ,1,5,2, ,2, ,2, ,2, ,1,5,2, ,2, ,2, ,2, ,2, ,2, ,2, ,10,3, ,2,2,2,2,2,2,10,7,4, , , , , , , , , , , , ,1, , ,9.9549518856538
2024,01,00040,5,0084,1,3,202310000405008416,24,1,6,5,1,2, ,1,17,6,6,8,6,2006,2,2,2,2,2,2,2,2,2,2,2,2,2,2,2,2, , , , , , , , , , , , , , , , , , , , , , , , , , , , , , , , , ,1,4,1,1,13,5,2,1,5,2, ,2, ,2, ,2, ,1,5,2, ,2, ,2, ,2, ,2, ,2, ,2, ,6,5, ,2,2,2,2,2,2,10,8,2, , , , , , , , , , , , ,1, , ,13.0125005187127
2024,01,00040,5,0084,1,3,202310000405008418,24,1,7,11,1,2, ,1,71,7,7,24,7,1952,2,2,2,2,2,2,2,2,2,2,2,2,2,2,2,2, , , , , , , , , , , , , , , , , , , , , , , , , , , , , , , , , ,1,7,1,1,13,5,4,1,5,2, ,2, ,2, ,2, ,1,5,2, ,2, ,2, ,2, ,2, ,2, ,2, ,3,1, ,2,2,2,2,2,2,10,5,2, , , , , , , , , , , , ,1, , ,10.8371348736651
2024,01,00040,5,0085,1,3,202310000405008511,24,1,1,1,1,2, ,2,77,1,1,10,5,1946,1, , , , , , , , , , , , , , , ,5212,4711,2, ,3,2,1,1,12,12,12,12,12,12,12,84, ,84,1, ,2, ,2,2, , , , , , , , , , , , , , , , ,1,1,1,3,2, ,2, ,2, ,2, ,2, ,2, ,2, ,2, ,2, ,1,3,2, ,9,5, ,2,2,2,2,2,2,10,7,1, ,750, , , , ,156, , ,906,906,906,1,1, ,6.33515991533822
2024,01,00041,9,0094,1,3,202401000419009411,24,1,1,1,1,2, ,1,73,1,1,1,8,1950,2,2,2,2,2,2,2,2,2,2,2,2,2,2,2,2, , , , , , , , , , , , , , , , , , , , , , , , , , , , , , , , , ,2,6,1,1,7, , ,2,1,1,3,2, ,2, ,2, ,2, ,2, ,2, ,2, ,2, ,1,3,2, ,2, ,6,5, ,2,2,2,2,2,2,10,7,3, , , , , , , , , , , , ,1, , ,5.51775258544757
2024,01,00041,9,0094,1,3,202401000419009412,24,1,2,3,1,2, ,1,30,2,2,1,7,1993,1, , , , , , , , , , , , , , , ,3322,4649,3,5,1, ,5,9998,4,4,4,4,4,4,0,24, ,24,1, ,1,1,1,2,4,750,50, , , , , , , , , , , , , ,1,1,1,1,2, ,2, ,2, ,2, ,2, ,2, ,2, ,1,1,2, ,2, ,2, ,10,4, ,2,2,2,2,2,2,10,7,1,50, , , ,132,750, , , ,800,800,932,1,2, ,5.5899649792421
2024,01,00041,9,0094,1,3,202401000419009413,24,1,3,3,1,2, ,2,36,3,3,23,1,1987,2,2,2,2,2,2,2,2,2,2,2,2,2,2,2,2, , , , , , , , , , , , , , , , , , , , , , , , , , , , , , , , , ,2,5,1,2,5, , ,1,5,2, ,2, ,2, ,2, ,1,5,2, ,2, ,2, ,2, ,1,5,2, ,2, ,9,3, ,2,2,2,2,2,2,10,5,4, , , , , , , , , , , , ,1, , ,4.68510552068498
2024,01,00041,9,0094,1,3,202401000419009414,24,1,4,5,1,2, ,1,14,4,4,4,1,2010,2,2,2,2,2,2,2,2,2,2,2,2,2,2,2,2, , , , , , , , , , , , , , , , , , , , , , , , , , , , , , , , , ,2,8,2,2,4, , ,2,5,2, ,2, ,2, ,2, ,1,5,2, ,2, ,2, ,2, ,2, ,2, ,2, ,5,2, ,2,2,2,2,2,2,10,7,4, , , , , , , , , , , , ,1, , ,6.38821962538372
2024,01,00041,9,0095,1,3,202401000419009511,24,1,1,1,1,2, ,1,79,1,1,8,10,1944,1, , , , , , , , , , , , , , , ,8332,4923,3,5,2,2,1,2,0,0,0,0,0,8,8,16, ,32,2,32,2, ,2,2,2,100, , , , , , , , , , , , , , ,1,5,2, ,2, ,2, ,2, ,1,5,2, ,2, ,2, ,2, ,1,5,2, ,2, ,4,5, ,2,2,2,2,2,2,10,7,1, , , , , ,433, , , ,433,433,433,1,1, ,5.32026858199325
2024,01,00041,9,0095,1,3,202401000419009515,24,1,2,3,1,2, ,1,28,2,2,8,5,1995,1, , , , , , , , , , , , , , , ,9622,4100,3,5,1, ,2,25,6,8,6,8,6,8,0,42,4,46,1, ,1,1,1,1,2,250, , , ,70, , , , , , , , , , ,1,5,2, ,2, ,2, ,2, ,1,5,2, ,2, ,2, ,2, ,2, ,2, ,2, ,6,5, ,2,2,2,2,2,2,10,7,1, , , , , ,1083, ,70, ,1153,1083,1153,1,1, ,8.0045345025947
2024,01,00041,9,0095,1,3,202401000419009512,24,1,3,3,1,2, ,2,36,3,3,5,4,1987,2,2,2,2,2,1,2,2,2,2,2,2,2,2,2, ,5120,5630,2, ,3,2,1,3,1,1,1,2,1,1,2,9, ,9,1, ,2, ,2,2, , , , , , , , , , , , , , , , ,1,5,2, ,2, ,2, ,2, ,1,5,2, ,2, ,2, ,1,5,2, ,2, ,2, ,6,5, ,2,2,2,2,2,2,10,7,1, , , , , , ,76, , ,76,76,76,1,1, ,5.78044380642207
2024,01,00041,9,0095,1,3,202401000419009513,24,1,4,5,1,2, ,1,4, , , , , , , , , , , , , , , , , , , , , , , , , , , , , , , , , , , , , , , , , , , , , , , , , , , , , , , , , , , , , , , , , , , , , , , , , , , , , , , , , , , , , , , , , , , , , , , , , , , , , , , , , , , , , , , ,1, , , 
2024,01,00041,9,0095,1,3,202401000419009514,24,1,5,5,1,2, ,1,0, , , , , , , , , , , , , , , , , , , , , , , , , , , , , , , , , , , , , , , , , , , , , , , , , , , , , , , , , , , , , , , , , , , , , , , , , , , , , , , , , , , , , , , , , , , , , , , , , , , , , , , , , , , , , , , ,1, , , 
2024,01,00041,9,0095,2,3,202401000419009521,24,1,1,1,1,2, ,1,43,1,1,2,8,1980,1, , , , , , , , , , , , , , , ,8322,4922,2, ,3,2,1,1,0,8,8,8,8,8,8,48, ,48,1, ,2, ,2,2, , , , , , , , , , , , , , , , ,1,5,2, ,2, ,2, ,2, ,1,5,2, ,2, ,2, ,2, ,1,5,2, ,2, ,6,5, ,2,2,2,2,2,2,10,6,1, , , , , , ,1345, , ,1345,1345,1345,1,1, ,8.0045345025947
2024,01,00041,9,0095,2,3,202401000419009522,24,1,2,2,1,2, ,2,35,2,2,15,9,1988,2,2,2,2,2,2,2,2,2,2,2,2,2,2,2,2, , , , , , , , , , , , , , , , , , , , , , , , , , , , , , , , , ,2,5,1,1,1, , ,1,5,2, ,2, ,2, ,2, ,1,5,2, ,2, ,2, ,2, ,2, ,2, ,2, ,6,5, ,2,2,2,2,2,2,10,7,3, , , , , , , , , , , , ,1, , ,5.78044380642207
2024,01,00041,9,0095,2,3,202401000419009523,24,1,3,3,1,2, ,2,9, , , , , , , , , , , , , , , , , , , , , , , , , , , , , , , , , , , , , , , , , , , , , , , , , , , , , , , , , , , , , , , , , , , , , , , , , , , , , , , , , , , , , , , , , , , , , , , , , , , , , , , , , , , , , , , ,1, , , 
2024,01,00041,9,0096,1,3,202401000419009611,24,1,1,1,1,2, ,1,40,1,1,23,4,1983,1, , , , , , , , , , , , , , , ,5112,8411,3,2, , ,5,9998,0,8,8,8,8,8,8,48, ,48,1, ,2, ,2,2,4,1025, , , , , , , , , , , , , , ,1,1,1,1,2, ,2, ,2, ,2, ,2, ,2, ,2, ,1,1,2, ,2, ,2, ,8,1, ,2,2,2,2,2,2,10,5,1, , , , ,150,1025, , , ,1025,1025,1175,1,2, ,5.5899649792421
2024,01,00041,9,0096,1,3,202401000419009612,24,1,2,2,1,2, ,2,32,2,2,27,3,1991,1, , , , , , , , , , , , , , , ,3212,8690,3,5,2,2,1,2,0,8,8,8,8,8,8,48, ,48,1, ,2, ,2,2,4,1025, , , , , , , , , , , , , , ,2,1,1,1,2, ,2, ,2, ,2, ,2, ,2, ,2, ,1,1,2, ,2, ,2, ,9,3, ,2,2,2,2,2,2,10,5,1, , , , ,84,1025, , , ,1025,1025,1109,1,2, ,4.68510552068498
2024,01,00041,9,0096,1,3,202401000419009613,24,1,3,3,1,2, ,2,1, , , , , , , , , , , , , , , , , , , , , , , , , , , , , , , , , , , , , , , , , , , , , , , , , , , , , , , , , , , , , , , , , , , , , , , , , , , , , , , , , , , , , , , , , , , , , , , , , , , , , , , , , , , , , , , ,1, , , 
2024,01,00041,9,0096,1,3,202401000419009614,24,1,4,11,2, ,2,2,28, , , , , , , , , , , , , , , , , , , , , , , , , , , , , , , , , , , , , , , , , , , , , , , , , , , , , , , , , , , , , , , , , , , , , , , , , , , , , , , , , , , , , , , , , , , , , , , , , , , , , , , , , , , , , , , ,0, , , 
2024,01,00041,9,0096,1,3,202401000419009615,24,1,5,11,2, ,2,1,30, , , , , , , , , , , , , , , , , , , , , , , , , , , , , , , , , , , , , , , , , , , , , , , , , , , , , , , , , , , , , , , , , , , , , , , , , , , , , , , , , , , , , , , , , , , , , , , , , , , , , , , , , , , , , , , ,0, , , 
2024,01,00041,9,0096,1,3,202401000419009616,24,1,6,11,2, ,2,1,9, , , , , , , , , , , , , , , , , , , , , , , , , , , , , , , , , , , , , , , , , , , , , , , , , , , , , , , , , , , , , , , , , , , , , , , , , , , , , , , , , , , , , , , , , , , , , , , , , , , , , , , , , , , , , , , ,0, , , 
2024,01,00041,9,0096,1,3,202401000419009617,24,1,7,11,2, ,2,2,4, , , , , , , , , , , , , , , , , , , , , , , , , , , , , , , , , , , , , , , , , , , , , , , , , , , , , , , , , , , , , , , , , , , , , , , , , , , , , , , , , , , , , , , , , , , , , , , , , , , , , , , , , , , , , , , ,0, , , 
2024,01,00041,9,0097,1,3,202401000419009711,24,1,1,1,1,2, ,2,81,1,1,26,5,1942,2,2,2,2,2,2,2,2,2,2,2,2,2,2,2,2, , , , , , , , , , , , , , , , , , , , , , , , , , , , , , , , , ,2,6,1,1,6, , ,1,1,1,4,2, ,2, ,2, ,2, ,2, ,2, ,2, ,2, ,1,4,2, ,2, ,3,2, ,2,2,2,2,2,2,10,8,4, , , , , , , , , , , , ,1, , ,4.66386247005905
2024,01,00041,9,0097,1,3,202401000419009712,24,1,2,3,1,2, ,1,46,2,2,7,2,1977,1, , , , , , , , , , , , , , , ,9211,112,3,5,3,2,1,3,0,8,8,8,8,8,0,40, ,40,1, ,2, ,2,1,2,200, , , , , , , , , , , , , , ,1,5,2, ,2, ,2, ,2, ,1,5,2, ,2, ,2, ,2, ,2, ,2, ,2, ,5,2, ,2,2,2,2,2,2,10,8,1, , , , , ,866, , , ,866,866,866,1,1, ,5.51775258544757
2024,01,00041,9,0097,1,3,202401000419009713,24,1,3,3,1,2, ,1,49,3,3,28,1,1974,2,2,2,2,2,2,2,2,2,2,2,2,2,2,2,2, , , , , , , , , , , , , , , , , , , , , , , , , , , , , , , , , ,2,7,2,2,13,5,3,1,5,2, ,2, ,2, ,2, ,1,5,2, ,2, ,2, ,1,5,2, ,2, ,2, ,5,2, ,2,1,2,2,2,2,10,6,4, , , , , , , , , , , , ,1, , ,5.51775258544757
2024,01,00041,10,0026,1,3,2024010004110002611,24,1,1,1,1,2, ,2,83,1,1,8,5,1940,2,2,2,2,2,2,2,2,2,2,2,2,2,2,2,2, , , , , , , , , , , , , , , , , , , , , , , , , , , , , , , , , ,2,6,2,2,3, , ,2,3,1,4,1,4,2, ,2, ,2, ,2, ,2, ,2, ,2, ,1,4,2, ,2, ,4,5, ,2,2,2,2,2,2,10,6,4, , , , , , , , , , , , ,1, , ,4.66386247005905
2024,01,00041,10,0026,1,3,2024010004110002612,24,1,2,3,1,2, ,2,61,2,99, , , , , , , , , , , , , , , , , , , , , , , , , , , , , , , , , , , , , , , , , , , , , , , , , , , , , , , , , , , , , , , , , , , , , , , , , , , , , , , , , , , , , , , , , , , , , , , , , , , , , , , , , , , , , ,1, , , 
2024,01,00041,10,0026,1,3,2024010004110002613,24,1,3,3,2, ,2,1,59, , , , , , , , , , , , , , , , , , , , , , , , , , , , , , , , , , , , , , , , , , , , , , , , , , , , , , , , , , , , , , , , , , , , , , , , , , , , , , , , , , , , , , , , , , , , , , , , , , , , , , , , , , , , , , , ,0, , , 
2024,01,00041,10,0027,1,3,2024010004110002711,24,1,1,1,1,2, ,1,52,1,1,29,1,1971,1, , , , , , , , , , , , , , , ,2142,4100,3,5,1, ,2,41,8,8,8,8,8,8,8,56,26,82,1, ,2, ,2,2,4,10000, , , , , ,5000, , , , , , , , ,1,1,1,5,2, ,2, ,2, ,2, ,2, ,2, ,2, ,1,5,2, ,2, ,2, ,11,5, ,2,2,2,2,2,2,10,7,1, , , , , ,10000, , ,5000,15000,10000,15000,1,1, ,4.1294504281194
2024,01,00041,10,0027,1,3,2024010004110002712,24,1,2,2,1,2, ,2,27,2,99, , , , , , , , , , , , , , , , , , , , , , , , , , , , , , , , , , , , , , , , , , , , , , , , , , , , , , , , , , , , , , , , , , , , , , , , , , , , , , , , , , , , , , , , , , , , , , , , , , , , , , , , , , , , , ,1, , , 
2024,01,00041,10,0028,1,3,2024010004110002811,24,1,1,1,1,2, ,1,71,1,1,7,8,1952,2,2,2,2,2,2,2,2,2,2,2,2,2,2,2,2, , , , , , , , , , , , , , , , , , , , , , , , , , , , , , , , , ,2,7,2,2,7, , ,1,5,2, ,2, ,2, ,2, ,1,5,2, ,2, ,2, ,2, ,2, ,2, ,2, ,3,1, ,1,2,2,2,2,2,10,7,4, , , , , , , , , , , , ,1, , ,5.32026858199325
2024,01,00041,10,0029,1,3,2024010004110002911,24,1,1,1,1,2, ,1,42,1,1,24,5,1981,1, , , , , , , , , , , , , , , ,3113,321,3,5,1, ,4,300,0,8,8,8,8,8,8,48, ,48,1, ,1,1,1,2,4,2300,113, , , , , , , , , , , , , ,1,1,1,1,2, ,2, ,2, ,2, ,2, ,2, ,2, ,1,1,2, ,2, ,2, ,9,3, ,2,2,2,2,2,2,10,7,1,398, , , ,576,2300, , , ,2698,2698,3274,1,2, ,5.5899649792421
2024,01,00041,10,0029,1,3,2024010004110002912,24,1,2,2,1,2, ,2,38,2,2,14,7,1985,1, , , , , , , , , , , , , , , ,9112,8530,3,2, , ,5,9998,0,8,8,8,8,8,0,40,40,80,1, ,2, ,2,2,4,1200, , , , , ,60, , , , , , , , ,1,1,1,1,2, ,2, ,2, ,2, ,2, ,2, ,2, ,1,1,2, ,2, ,2, ,9,3, ,2,2,2,2,2,2,10,7,1, , , , ,67,1200, , ,60,1260,1200,1327,1,2, ,4.68510552068498
2024,01,00041,10,0029,1,3,2024010004110002913,24,1,3,3,1,2, ,1,17,3,3,20,11,2006,2,2,2,1,2,2,2,2,2,2,2,2,2,2,2, ,5131,5610,3,5,2,2,1,6,5,0,0,0,0,0,0,5, ,5,1, ,2, ,2,2,2,50,20, , , , , , , , , , , , , ,1,1,1,4,2, ,2, ,2, ,2, ,2, ,2, ,2, ,2, ,2, ,2, ,2, ,6,5, ,2,2,2,2,2,2,10,5,1,87, , , , ,217, , , ,304,304,304,1,1, ,6.38821962538372
2024,01,00041,10,0029,1,3,2024010004110002914,24,1,4,3,1,2, ,2,10, , , , , , , , , , , , , , , , , , , , , , , , , , , , , , , , , , , , , , , , , , , , , , , , , , , , , , , , , , , , , , , , , , , , , , , , , , , , , , , , , , , , , , , , , , , , , , , , , , , , , , , , , , , , , , , ,1, , , 
2024,01,00052,5,0023,1,3,202310000525002311,24,1,1,1,1,2, ,1,75,1,1,20,12,1948,1, , , , , , , , , , , , , , , ,5212,4711,2, ,2,2,1,2,12,12,12,12,12,12,12,84, ,84,1, ,2, ,2,2, , , , , , , , , , , , , , , , ,1,5,2, ,2, ,2, ,2, ,1,5,2, ,2, ,2, ,2, ,2, ,2, ,2, ,5,2, ,2,2,2,2,2,2,10,7,1, ,600, , , , ,905, , ,1505,1505,1505,1,2, ,12.5242306937402
2024,01,00052,5,0023,1,3,202310000525002312,24,1,2,2,1,2, ,2,60,2,2,10,12,1963,1, , , , , , , , , , , , , , , ,5212,4711,2, ,2,2,1,2,9,9,9,10,10,9,9,65, ,65,1, ,2, ,2,2, , , , , , , , , , , , , , , , ,1,5,2, ,2, ,2, ,2, ,1,5,2, ,2, ,2, ,2, ,2, ,2, ,2, ,9,3, ,2,2,2,2,2,2,10,8,1, ,900, , , , ,1735, , ,2635,2635,2635,1,2, ,7.05936271087925
2024,01,00052,5,0023,1,3,202401000525002313,24,1,3,3,1,2, ,2,22,3,3,18,9,2001,2,2,2,2,2,2,2,2,2,2,2,2,1,2,2, ,5223,4711,4, ,2,2,1,2,7,8,7,8,7,8,8,53, ,53,1, ,1,1,1, , , , , , , , , , , , , , , , , ,1,5,2, ,2, ,2, ,2, ,1,5,1,2,2, ,2, ,1,5,2, ,2, ,2, ,10,3, ,2,2,2,2,2,2,10,7,1, , , , , , , , , ,0,0,0,1,1, ,11.092950623083
2024,01,00052,5,0094,1,3,202210000525009411,24,1,1,1,1,2, ,2,83,1,1,10,1,1941,2,2,2,2,2,2,2,2,2,2,2,2,2,2,2,2, , , , , , , , , , , , , , , , , , , , , , , , , , , , , , , , , ,2,6,2,2,3, , ,1,1,1,3,2, ,2, ,2, ,2, ,2, ,2, ,2, ,2, ,1,3,2, ,2, ,6,5, ,2,2,2,2,2,2,10,7,4, , , , , , , , , , , , ,1, , ,10.5250463370592
2024,01,00052,5,0094,1,3,202210000525009412,24,1,2,7,1,2, ,1,85,2,2,20,8,1938,2,2,2,2,2,2,2,2,2,2,2,2,2,2,2,2, , , , , , , , , , , , , , , , , , , , , , , , , , , , , , , , , ,2,6,2,2,3, , ,1,1,1,3,2, ,2, ,2, ,2, ,2, ,2, ,2, ,2, ,2, ,1,3,2, ,11,5, ,2,2,2,2,2,2,10,7,4, , , , , , , , , , , , ,1, , ,9.37305343058192
2024,01,00052,5,0097,1,3,202210000525009711,24,1,1,1,1,2, ,2,47,1,1,11,8,1976,1, , , , , , , , , , , , , , , ,3314,1071,1, ,2,1,1,7,10,10,10,10,10,10,10,70, ,70,1, ,2, ,2,2, , , , , , , , , , , , , , , , ,1,5,2, ,2, ,2, ,2, ,1,5,2, ,2, ,2, ,2, ,2, ,2, ,2, ,6,5, ,2,2,2,2,2,2,10,8,1, ,600, , , , ,1500, , ,2100,2100,2100,1,2, ,10.5250463370592
2024,01,00052,5,0097,1,3,202210000525009712,24,1,2,2,1,2, ,1,53,2,2,14,10,1970,1, , , , , , , , , , , , , , , ,7513,1071,4, ,2,1,1,7,8,8,8,8,8,8,8,56, ,56,1, ,2, ,2, , , , , , , , , , , , , , , , , ,1,5,2, ,2, ,2, ,2, ,1,5,2, ,2, ,2, ,2, ,2, ,2, ,2, ,11,5, ,2,2,2,2,2,2,10,6,1, , , , , , , , , ,0,0,0,1,1, ,9.37305343058192
2024,01,00052,5,0097,1,3,202210000525009713,24,1,3,3,1,2, ,1,23,3,3,12,12,2000,2,2,2,2,2,2,2,2,2,2,2,2,2,2,2,2, , , , , , , , , , , , , , , , , , , , , , , , , , , , , , , , , ,2,4,2,2,5, , ,1,5,2, ,2, ,2, ,2, ,1,5,2, ,2, ,2, ,2, ,2, ,2, ,2, ,10,4, ,2,2,2,2,2,2,10,7,4, , , , , , , , , , , , ,1, , ,9.94094350258722
2024,01,00052,5,0097,1,3,202210000525009714,24,1,4,3,1,2, ,2,20,4,4,4,1,2004,2,2,2,2,2,2,2,2,2,2,2,2,1,2,2, ,7513,1071,4, ,2,1,1,7,8,8,8,8,8,8,8,56, ,56,1, ,1,1,1, , , , , , , , , , , , , , , , , ,1,5,2, ,2, ,2, ,2, ,1,5,2, ,2, ,2, ,1,5,2, ,2, ,2, ,6,5, ,2,2,2,2,2,2,10,8,1, , , , , , , , , ,0,0,0,1,1, ,9.51500362739248
2024,01,00052,5,0097,1,3,202210000525009715,24,1,5,3,1,2, ,2,16,5,5,2,3,2007,2,2,2,2,2,2,2,2,2,2,2,2,2,2,2,2, , , , , , , , , , , , , , , , , , , , , , , , , , , , , , , , , ,2,5,1,1,3, , ,1,5,2, ,2, ,2, ,2, ,1,5,2, ,2, ,2, ,2, ,2, ,2, ,2, ,6,5, ,2,2,2,2,2,2,10,6,4, , , , , , , , , , , , ,1, , ,9.51500362739248
2024,01,00052,5,0097,1,3,202210000525009716,24,1,6,3,1,2, ,1,12, , , , , , , , , , , , , , , , , , , , , , , , , , , , , , , , , , , , , , , , , , , , , , , , , , , , , , , , , , , , , , , , , , , , , , , , , , , , , , , , , , , , , , , , , , , , , , , , , , , , , , , , , , , , , , , ,1, , , 
2024,01,00052,5,0098,1,3,202210000525009812,24,1,1,1,1,2, ,1,54,1,99, , , , , , , , , , , , , , , , , , , , , , , , , , , , , , , , , , , , , , , , , , , , , , , , , , , , , , , , , , , , , , , , , , , , , , , , , , , , , , , , , , , , , , , , , , , , , , , , , , , , , , , , , , , , , ,1, , , 
2024,01,00052,5,0098,1,3,202210000525009813,24,1,2,3,1,2, ,2,12, , , , , , , , , , , , , , , , , , , , , , , , , , , , , , , , , , , , , , , , , , , , , , , , , , , , , , , , , , , , , , , , , , , , , , , , , , , , , , , , , , , , , , , , , , , , , , , , , , , , , , , , , , , , , , , ,1, , , 
2024,01,00052,5,0098,1,3,202210000525009815,24,1,3,3,1,2, ,1,6, , , , , , , , , , , , , , , , , , , , , , , , , , , , , , , , , , , , , , , , , , , , , , , , , , , , , , , , , , , , , , , , , , , , , , , , , , , , , , , , , , , , , , , , , , , , , , , , , , , , , , , , , , , , , , , ,1, , , 
2024,01,00052,5,0098,1,3,202210000525009814,24,1,4,11,1,2, ,2,10, , , , , , , , , , , , , , , , , , , , , , , , , , , , , , , , , , , , , , , , , , , , , , , , , , , , , , , , , , , , , , , , , , , , , , , , , , , , , , , , , , , , , , , , , , , , , , , , , , , , , , , , , , , , , , , ,1, , , 
2024,01,00052,5,0098,1,3,202210000525009811,24,1,5,11,1,2, ,2,46,5,5,2,2,1977,2,2,2,2,2,2,2,2,2,2,2,2,1,2,2, ,4417,5510,4, ,2,1,1,4,4,5,5,5,4,5,5,33, ,33,1, ,1,1,1, , , , , , , , , , , , , , , , , ,1,5,2, ,2, ,2, ,2, ,1,5,2, ,2, ,2, ,1,5,2, ,2, ,2, ,11,5, ,2,2,2,2,2,2,10,7,1, , , , , , , , , ,0,0,0,1,1, ,7.05936271087925
2024,01,00055,2,0050,1,3,202301000552005012,24,1,1,1,1,2, ,2,65,1,1,5,10,1958,2,2,2,2,2,2,2,2,2,2,2,2,2,2,2,2, , , , , , , , , , , , , , , , , , , , , , , , , , , , , , , , , ,2,5,1,2,1, , ,1,5,2, ,2, ,2, ,2, ,1,5,2, ,2, ,2, ,2, ,2, ,2, ,2, ,4,5, ,2,2,2,2,2,2,10,5,4, , , , , , , , , , , , ,1, , ,13.5300968021643
2024,01,00055,2,0050,1,3,202301000552005013,24,1,2,3,1,2, ,1,30,2,2,17,1,1994,1, , , , , , , , , , , , , , , ,9112,8121,2, ,3,2,1,1,0,3,0,0,0,4,0,7, ,16,2,16,1,1,1,1, , , , , , , , , , , , , , , , ,1,5,2, ,2, ,2, ,2, ,1,5,2, ,2, ,2, ,2, ,2, ,2, ,2, ,6,5, ,2,2,2,2,2,2,10,5,1, , , , , , ,346, , ,346,346,346,1,1, ,23.2215523874569
2024,01,00055,2,0050,1,3,202301000552005014,24,1,3,3,1,1, ,2,27, , , , , , , , , , , , , , , , , , , , , , , , , , , , , , , , , , , , , , , , , , , , , , , , , , , , , , , , , , , , , , , , , , , , , , , , , , , , , , , , , , , , , , , , , , , , , , , , , , , , , , , , , , , , , , , ,0, , , 
2024,01,00055,2,0051,1,3,202401000552005111,24,1,1,1,1,2, ,1,67,1,1,12,1,1957,1, , , , , , , , , , , , , , , ,2411,8620,2, ,2,2,1,1,0,2,0,0,0,0,0,2, ,4,2,4,1,1,1,1, , , , , , , , , , , , , , , , ,1,1,1,5,2, ,2, ,2, ,2, ,2, ,2, ,2, ,1,5,2, ,2, ,2, ,12,2, ,2,2,2,2,2,2,10,5,1, , , , , , ,300, , ,300,300,300,1,2, ,11.9797409102175
2024,01,00055,2,0051,1,3,202401000552005112,24,1,2,2,1,2, ,2,63,2,2,12,10,1960,2,2,2,2,2,2,2,2,2,2,2,2,2,2,2,2, , , , , , , , , , , , , , , , , , , , , , , , , , , , , , , , , ,2,5,1,1,2, , ,1,1,1,4,2, ,2, ,2, ,2, ,2, ,2, ,2, ,2, ,2, ,2, ,2, ,6,5, ,2,2,2,2,2,2,10,8,3, , , , , , , , , , , , ,1, , ,13.4521081224835
2024,01,00055,2,0051,1,3,202401000552005113,24,1,3,3,1,1, ,1,26, , , , , , , , , , , , , , , , , , , , , , , , , , , , , , , , , , , , , , , , , , , , , , , , , , , , , , , , , , , , , , , , , , , , , , , , , , , , , , , , , , , , , , , , , , , , , , , , , , , , , , , , , , , , , , , ,0, , , 
2024,01,00055,2,0056,1,3,202301000552005611,24,1,1,1,1,2, ,1,65,1,1,22,9,1958,1, , , , , , , , , , , , , , , ,5322,9609,2, ,3,2,1,1,12,0,0,12,0,0,12,36, ,36,1, ,1,1,1,2, , , , , , , , , , , , , , , , ,1,1,1,3,2, ,2, ,2, ,2, ,2, ,2, ,2, ,2, ,1,3,2, ,2, ,6,5, ,2,2,2,2,2,2,10,7,1, , , , , , ,1126, , ,1126,1126,1126,1,1, ,16.0072744620518
2024,01,00055,2,0056,1,3,202301000552005612,24,1,2,2,1,2, ,2,63,2,2,10,7,1960,1, , , , , , , , , , , , , , , ,5141,9602,2, ,3,2,1,1,0,2,0,0,0,2,0,4, ,7,2,7,1,1,1,2, , , , , , , , , , , , , , , , ,1,1,1,4,2, ,2, ,2, ,2, ,2, ,2, ,2, ,2, ,2, ,2, ,2, ,6,5, ,2,2,2,2,2,2,10,7,1, , , , , , ,250, , ,250,250,250,1,1, ,13.4521081224835
2024,01,00055,2,0056,1,3,202301000552005613,24,1,3,3,1,2, ,2,33,3,3,30,9,1990,2,2,2,2,2,2,2,2,2,2,2,2,2,2,2,2, , , , , , , , , , , , , , , , , , , , , , , , , , , , , , , , , ,1,5,1,1,13,7,4,1,5,2, ,2, ,2, ,2, ,1,5,2, ,2, ,2, ,2, ,2, ,2, ,2, ,8,2, ,2,2,2,2,2,2,10,6,2, , , , , , , , , , , , ,1, , ,13.5917239477303
2024,01,00057,7,0017,1,3,202310000577001711,24,1,1,1,1,2, ,2,69,1,1,30,8,1954,2,2,2,2,2,2,2,2,2,2,2,2,2,2,2,2, , , , , , , , , , , , , , , , , , , , , , , , , , , , , , , , , ,2,5,1,1,1, , ,1,1,1,4,2, ,2, ,2, ,2, ,2, ,2, ,2, ,2, ,2, ,2, ,2, ,6,5, ,2,2,2,2,2,2,10,7,3, , , , , , , , , , , , ,1, , ,8.72167508389377
2024,01,00057,7,0017,1,3,202310000577001712,24,1,2,3,1,2, ,2,51,2,2,9,7,1972,1, , , , , , , , , , , , , , , ,3123,4210,3,5,1, ,2,24,0,8,8,8,8,8,5,45, ,45,1, ,1,1,1,2,4,2400, , , , , , , , , , , , , , ,1,1,1,1,2, ,2, ,2, ,2, ,2, ,2, ,2, ,1,1,2, ,2, ,2, ,11,5, ,2,2,2,2,2,2,10,7,1, , , , ,400,2400, , , ,2400,2400,2800,1,2, ,5.84980492169953
2024,01,00057,7,0017,1,3,202310000577001713,24,1,3,5,1,2, ,2,9, , , , , , , , , , , , , , , , , , , , , , , , , , , , , , , , , , , , , , , , , , , , , , , , , , , , , , , , , , , , , , , , , , , , , , , , , , , , , , , , , , , , , , , , , , , , , , , , , , , , , , , , , , , , , , , ,1, , , 
2024,01,00057,7,0018,1,3,202310000577001811,24,1,1,1,1,2, ,1,40,1,1,1,5,1983,1, , , , , , , , , , , , , , , ,2421,8411,3,2, , ,5,9998,0,8,8,8,8,8,0,40, ,40,1, ,1,1,1,2,4,5600, , , , , , , , , , , , , , ,1,1,1,1,2, ,2, ,2, ,2, ,2, ,2, ,2, ,1,1,2, ,2, ,2, ,11,5, ,2,2,2,2,2,2,10,7,1, , , , ,934,5600, , , ,5600,5600,6534,1,2, ,10.5141413126369
2024,01,00057,7,0018,1,3,202310000577001812,24,1,2,2,1,2, ,2,39,2,2,17,6,1984,2,2,2,2,2,2,2,2,2,2,2,2,2,2,2,2, , , , , , , , , , , , , , , , , , , , , , , , , , , , , , , , , ,2,5,1,2,1, , ,1,1,1,4,2, ,2, ,2, ,2, ,2, ,2, ,2, ,2, ,1,5,2, ,2, ,9,5, ,2,2,2,2,2,2,10,7,4, , , , , , , , , , , , ,1, , ,8.81219501231577
2024,01,00057,7,0018,1,3,202310000577001813,24,1,3,3,1,2, ,1,10, , , , , , , , , , , , , , , , , , , , , , , , , , , , , , , , , , , , , , , , , , , , , , , , , , , , , , , , , , , , , , , , , , , , , , , , , , , , , , , , , , , , , , , , , , , , , , , , , , , , , , , , , , , , , , , ,1, , , 
2024,01,00057,7,0021,1,3,202310000577002111,24,1,1,1,1,2, ,1,31,1,1,2,5,1992,1, , , , , , , , , , , , , , , ,5213,4781,3,5,2,2,1,3,0,10,10,10,12,12,10,64, ,64,1, ,1,1,1,2,2,280,60, , , , , , , , , , , , , ,1,6,2, ,2, ,2, ,2, ,2, ,2, ,2, ,2, ,2, ,2, ,2, ,2, ,9,3, ,2,2,2,2,2,2,10,5,1,260, , , , ,1212, , , ,1472,1472,1472,1,1, ,10.5141413126369
2024,01,00057,7,0021,1,3,202310000577002112,24,1,2,2,1,2, ,2,25,2,2,1,9,1998,2,2,2,2,2,2,2,2,2,2,2,2,2,2,2,2, , , , , , , , , , , , , , , , , , , , , , , , , , , , , , , , , ,2,5,1,1,6, , ,1,6,2, ,2, ,2, ,2, ,2, ,2, ,2, ,2, ,2, ,2, ,2, ,2, ,5,2, ,2,2,2,2,2,2,10,7,4, , , , , , , , , , , , ,1, , ,10.8724121271183
2024,01,00057,7,0021,1,3,202310000577002113,24,1,3,3,1,2, ,1,8, , , , , , , , , , , , , , , , , , , , , , , , , , , , , , , , , , , , , , , , , , , , , , , , , , , , , , , , , , , , , , , , , , , , , , , , , , , , , , , , , , , , , , , , , , , , , , , , , , , , , , , , , , , , , , , ,1, , , 
2024,01,00057,7,0021,1,3,202310000577002114,24,1,4,3,1,2, ,1,4, , , , , , , , , , , , , , , , , , , , , , , , , , , , , , , , , , , , , , , , , , , , , , , , , , , , , , , , , , , , , , , , , , , , , , , , , , , , , , , , , , , , , , , , , , , , , , , , , , , , , , , , , , , , , , , ,1, , , 
2024,01,00057,7,0146,1,3,202310000577014611,24,1,1,1,1,2, ,1,57,1,1,21,3,1966,2,2,2,2,2,2,2,2,2,2,2,2,2,2,2,2, , , , , , , , , , , , , , , , , , , , , , , , , , , , , , , , , ,2,6,1,1,1, , ,1,4,2, ,2, ,2, ,1,3,2, ,2, ,2, ,2, ,2, ,2, ,2, ,1,3,11,5, ,2,2,2,2,2,2,10,6,3, , , , , , , , , , , , ,1, , ,7.76706571615463
2024,01,00057,7,0146,1,3,202310000577014612,24,1,2,2,1,2, ,2,45,2,2,11,8,1978,1, , , , , , , , , , , , , , , ,5120,5629,1, ,2,2,1,2,10,0,0,0,0,0,0,10, ,10,1, ,1,1,1,1, , , , , , , , , , , , , , , , ,1,5,2, ,2, ,2, ,2, ,1,5,2, ,2, ,2, ,1,5,2, ,2, ,2, ,11,5, ,2,2,2,2,2,2,10,8,1, ,346, , , , ,1702, , ,2048,2048,2048,1,2, ,5.84980492169953
2024,01,00057,7,0146,1,3,202310000577014613,24,1,3,3,1,2, ,1,27,3,3,5,6,1996,1, , , , , , , , , , , , , , , ,9412,5629,3,5,2,2,1,2,9,0,0,0,0,0,0,9, ,9,1, ,1,1,1,2,2,100,20, , , , , , , , , , , , , ,1,5,2, ,2, ,2, ,2, ,1,5,2, ,2, ,2, ,2, ,2, ,2, ,2, ,10,4, ,2,2,2,2,2,2,10,6,1,87, , , , ,433, , , ,520,520,520,1,1, ,10.5141413126369
2024,01,00057,7,0146,1,3,202310000577014614,24,1,4,3,1,2, ,1,14,4,4,20,10,2009,2,2,2,2,2,2,2,2,2,2,2,2,2,2,2,2, , , , , , , , , , , , , , , , , , , , , , , , , , , , , , , , , ,2,4,2,2,3, , ,1,5,2, ,2, ,2, ,2, ,1,5,2, ,2, ,2, ,2, ,2, ,2, ,2, ,5,2, ,2,2,2,2,2,2,10,6,4, , , , , , , , , , , , ,1, , ,12.0155750754903
2024,01,00061,3,0015,1,3,202301000613001511,24,1,1,1,1,2, ,2,69,1,1,8,10,1954,2,2,2,2,2,1,2,2,2,2,2,2,2,2,2, ,5120,5610,2, ,3,2,1,1,7,0,0,0,0,0,0,7, ,7,1, ,2, ,2,2, , , , , , , , , , , , , , , , ,1,5,2, ,2, ,2, ,2, ,1,5,2, ,2, ,2, ,2, ,2, ,2, ,2, ,11,6, ,2,2,2,2,2,2,10,7,1, ,104, , , , ,883, , ,987,987,987,1,1, ,6.7955155834328
2024,01,00061,3,0015,1,3,202301000613001512,24,1,2,3,1,2, ,1,35,2,2,13,1,1989,1, , , , , , , , , , , , , , , ,9549,4789,2, ,2,1,1,1,5,8,9,9,8,8,9,56, ,56,1, ,1,1,1,2, , , , , , , , , , , , , , , , ,1,5,2, ,2, ,2, ,2, ,1,5,2, ,2, ,2, ,1,5,2, ,2, ,2, ,9,3, ,2,2,2,2,2,2,10,5,1, , , , , , ,1770, , ,1770,1770,1770,1,2, ,12.2139134710976
2024,01,00061,3,0016,1,3,202301000613001616,24,1,1,1,1,2, ,1,37,1,1,23,6,1986,1, , , , , , , , , , , , , , , ,9411,5610,2, ,3,2,1,1,0,0,9,10,9,10,10,48, ,48,1, ,2, ,2,2, , , , , , , , , , , , , , , , ,1,6,2, ,2, ,2, ,2, ,2, ,2, ,2, ,2, ,2, ,2, ,2, ,2, ,4, ,6,2,2,2,2,2,2,10,6,1, , , , , , ,1945, , ,1945,1945,1945,1,1, ,20.7832348342497
2024,01,00061,3,0016,1,3,202304000613001612,24,1,2,2,1,2, ,2,30,2,2,27,3,1993,2,2,2,2,2,2,2,2,2,2,2,2,2,2,2,2, , , , , , , , , , , , , , , , , , , , , , , , , , , , , , , , , ,2,5,2,2,6, , ,1,5,2, ,2, ,2, ,2, ,1,5,2, ,2, ,2, ,2, ,2, ,2, ,2, ,11,5, ,2,2,2,2,2,2,10,6,4, , , , , , , , , , , , ,1, , ,10.2368214550722
2024,01,00061,3,0016,1,3,202304000613001613,24,1,3,3,1,2, ,2,13, , , , , , , , , , , , , , , , , , , , , , , , , , , , , , , , , , , , , , , , , , , , , , , , , , , , , , , , , , , , , , , , , , , , , , , , , , , , , , , , , , , , , , , , , , , , , , , , , , , , , , , , , , , , , , , ,1, , , 
2024,01,00061,3,0016,1,3,202304000613001614,24,1,4,3,1,2, ,2,4, , , , , , , , , , , , , , , , , , , , , , , , , , , , , , , , , , , , , , , , , , , , , , , , , , , , , , , , , , , , , , , , , , , , , , , , , , , , , , , , , , , , , , , , , , , , , , , , , , , , , , , , , , , , , , , ,1, , , 
2024,01,00061,3,0016,1,3,202401000613001615,24,1,5,3,1,2, ,1,0, , , , , , , , , , , , , , , , , , , , , , , , , , , , , , , , , , , , , , , , , , , , , , , , , , , , , , , , , , , , , , , , , , , , , , , , , , , , , , , , , , , , , , , , , , , , , , , , , , , , , , , , , , , , , , , ,1, , , 
2024,01,00061,3,0018,1,3,202301000613001811,24,1,1,1,1,2, ,1,59,1,1,20,7,1964,2,1, , , , , , , , , , , , , , ,2330,8521,3,2, , ,5,9998,0,0,0,0,0,0,0,0, ,30,2,30,2, ,2,2,4,2460, , , , , , , , , , , , , , ,1,3,1,1,1,2,2, ,2, ,2, ,2, ,2, ,2, ,1,1,2, ,2, ,2, ,9,5, ,2,2,2,2,2,2,10,7,1, , , , ,100,2460, , , ,2460,2460,2560,1,2, ,9.02273098302588
2024,01,00061,3,0018,1,3,202401000613001812,24,1,2,2,1,2, ,2,51,2,2,11,12,1972,1, , , , , , , , , , , , , , , ,5120,5629,2, ,3,2,1,1,0,5,4,4,5,4,0,22,7,29,1, ,2, ,2,2, , , , , ,50,12, , , , , , , , , ,2,1,1,4,2, ,2, ,2, ,2, ,2, ,2, ,2, ,2, ,2, ,2, ,2, ,6,5, ,2,2,2,2,2,2,10,7,1, ,260,52, , , ,743,50, ,1105,1003,1105,1,1, ,10.131667592262
2024,01,00061,3,0018,1,3,202401000613001813,24,1,3,3,1,2, ,2,27,3,3,26,2,1996,1, , , , , , , , , , , , , , , ,9533,4799,2, ,3,2,1,1,0,4,5,5,4,5,4,27, ,30,2,30,1,1,1,2, , , , , , , , , , , , , , , , ,1,5,2, ,2, ,2, ,2, ,1,5,2, ,2, ,2, ,2, ,2, ,2, ,2, ,10,1, ,2,2,2,2,2,2,10,7,1, ,30, , , , ,405, , ,435,435,435,1,1, ,10.2368214550722
2024,01,00061,3,0018,1,3,202401000613001814,24,1,4,3,1,2, ,2,20,4,4,31,7,2003,2,2,2,2,2,2,2,2,2,2,2,2,2,2,2,2, , , , , , , , , , , , , , , , , , , , , , , , , , , , , , , , , ,2,5,2,2,4, , ,2,5,2, ,2, ,2, ,2, ,1,5,2, ,2, ,2, ,2, ,2, ,2, ,2, ,6,5, ,2,2,2,2,2,2,10,7,4, , , , , , , , , , , , ,1, , ,9.15937572193565
2024,01,00061,3,0018,1,3,202301000613001812,24,1,5,6,1,2, ,2,92,5,5,30,5,1931,2,2,2,2,2,2,2,2,2,2,2,2,2,2,2,2, , , , , , , , , , , , , , , , , , , , , , , , , , , , , , , , , ,2,5,2,2,3, , ,1,5,2, ,2, ,2, ,2, ,1,5,2, ,2, ,2, ,2, ,2, ,2, ,2, ,4,5, ,2,2,2,2,2,2,10,7,4, , , , , , , , , , , , ,1, , ,10.1904059975209
2024,01,00061,3,0020,1,3,202301000613002011,24,1,1,1,1,2, ,1,59,1,1,14,7,1964,2,2,2,2,2,2,2,2,2,2,2,2,2,2,2,2, , , , , , , , , , , , , , , , , , , , , , , , , , , , , , , , , ,1,6,1,1,13,5,3,1,5,2, ,2, ,2, ,2, ,1,5,2, ,2, ,2, ,2, ,2, ,2, ,2, ,6,5, ,2,2,2,2,2,2,10,8,2, , , , , , , , , , , , ,1, , ,12.056131457682
2024,01,00061,3,0020,1,3,202301000613002012,24,1,2,3,1,2, ,1,19,2,2,7,11,2004,2,2,2,2,1,2,2,2,2,2,2,2,2,2,2, ,9313,4100,3,5,3,2,1,2,0,0,0,0,0,0,3,3, ,12,2,12,1,1,1,1,2,30, , , , , , , , , , , , , , ,1,5,2, ,2, ,2, ,2, ,1,5,2, ,2, ,2, ,2, ,2, ,2, ,2, ,6,5, ,2,2,2,2,2,2,10,8,1, , , , , ,130, , , ,130,130,130,1,1, ,13.9580770234777
2024,01,00061,3,0020,1,3,202301000613002013,24,1,3,3,1,2, ,2,27,3,3,9,6,1996,1, , , , , , , , , , , , , , , ,3439,9000,3,5,2,1,1,5,0,0,0,0,0,0,6,6, ,40,2,40,1,1,1,2,2,100,12, , , , , , , , , , , , , ,1,5,2, ,2, ,2, ,2, ,1,5,2, ,2, ,2, ,2, ,2, ,2, ,2, ,8,3, ,2,2,2,2,2,2,10,7,1,52, , , , ,433, , , ,485,485,485,1,1, ,10.2368214550722
2024,01,00061,3,0020,1,3,202301000613002014,24,1,4,5,1,2, ,1,7, , , , , , , , , , , , , , , , , , , , , , , , , , , , , , , , , , , , , , , , , , , , , , , , , , , , , , , , , , , , , , , , , , , , , , , , , , , , , , , , , , , , , , , , , , , , , , , , , , , , , , , , , , , , , , , ,1, , , 
